-- phpMyAdmin SQL Dump
-- version 4.5.4.1deb2ubuntu2.1
-- http://www.phpmyadmin.net
--
-- Хост: localhost
-- Время создания: Апр 07 2020 г., 15:48
-- Версия сервера: 5.7.29-0ubuntu0.16.04.1
-- Версия PHP: 7.3.9-1+ubuntu16.04.1+deb.sury.org+1

SET SQL_MODE = "NO_AUTO_VALUE_ON_ZERO";
SET time_zone = "+00:00";


/*!40101 SET @OLD_CHARACTER_SET_CLIENT=@@CHARACTER_SET_CLIENT */;
/*!40101 SET @OLD_CHARACTER_SET_RESULTS=@@CHARACTER_SET_RESULTS */;
/*!40101 SET @OLD_COLLATION_CONNECTION=@@COLLATION_CONNECTION */;
/*!40101 SET NAMES utf8mb4 */;

--
-- База данных: `gulmarket`
--

-- --------------------------------------------------------

--
-- Структура таблицы `admins`
--

CREATE TABLE `admins` (
  `id` bigint(20) UNSIGNED NOT NULL,
  `name` varchar(255) COLLATE utf8mb4_unicode_ci NOT NULL,
  `username` varchar(255) COLLATE utf8mb4_unicode_ci NOT NULL,
  `password` varchar(255) COLLATE utf8mb4_unicode_ci NOT NULL,
  `role_id` bigint(20) UNSIGNED NOT NULL,
  `created_at` timestamp NULL DEFAULT NULL,
  `updated_at` timestamp NULL DEFAULT NULL
) ENGINE=InnoDB DEFAULT CHARSET=utf8mb4 COLLATE=utf8mb4_unicode_ci;

--
-- Дамп данных таблицы `admins`
--

INSERT INTO `admins` (`id`, `name`, `username`, `password`, `role_id`, `created_at`, `updated_at`) VALUES
(1, 'Gulmarket_all_administrator', 'gulmarket', 'qazplm', 1, '2019-09-02 12:24:01', '2019-11-25 10:45:50');

-- --------------------------------------------------------

--
-- Структура таблицы `baskets`
--

CREATE TABLE `baskets` (
  `id` bigint(20) UNSIGNED NOT NULL,
  `user_id` bigint(20) UNSIGNED NOT NULL,
  `item_id` bigint(20) UNSIGNED NOT NULL,
  `count` int(11) NOT NULL,
  `created_at` timestamp NULL DEFAULT NULL,
  `updated_at` timestamp NULL DEFAULT NULL
) ENGINE=InnoDB DEFAULT CHARSET=utf8mb4 COLLATE=utf8mb4_unicode_ci;

--
-- Дамп данных таблицы `baskets`
--

INSERT INTO `baskets` (`id`, `user_id`, `item_id`, `count`, `created_at`, `updated_at`) VALUES
(204, 32, 226, 1, '2019-11-26 10:36:00', '2019-11-26 10:36:00'),
(205, 32, 226, 1, '2019-11-26 10:36:00', '2019-11-26 10:36:00'),
(206, 32, 225, 1, '2019-11-26 10:36:00', '2019-11-26 10:36:00'),
(207, 32, 225, 1, '2019-11-26 10:36:00', '2019-11-26 10:36:00'),
(208, 32, 220, 1, '2019-11-26 10:36:00', '2019-11-26 10:36:00'),
(209, 32, 220, 1, '2019-11-26 10:36:00', '2019-11-26 10:36:00'),
(210, 32, 222, 1, '2019-11-26 10:36:00', '2019-11-26 10:36:00'),
(211, 32, 222, 1, '2019-11-26 10:36:00', '2019-11-26 10:36:00'),
(212, 32, 237, 1, '2019-11-26 10:36:00', '2019-11-26 10:36:00'),
(213, 32, 237, 1, '2019-11-26 10:36:00', '2019-11-26 10:36:00'),
(233, 32, 209, 1, '2019-11-29 08:57:40', '2019-11-29 08:57:40'),
(239, 29, 235, 1, '2019-12-07 09:51:54', '2019-12-07 09:51:54'),
(243, 43, 232, 1, '2019-12-16 11:00:38', '2019-12-16 11:00:38'),
(244, 45, 236, 1, '2019-12-18 18:33:07', '2019-12-18 18:33:07'),
(258, 48, 138, 1, '2019-12-25 08:48:11', '2019-12-25 08:48:11'),
(260, 40, 130, 1, '2020-01-06 10:28:56', '2020-01-06 10:28:56'),
(261, 50, 260, 1, '2020-01-08 17:39:55', '2020-01-08 17:39:55'),
(263, 21, 226, 1, '2020-01-13 21:33:57', '2020-01-13 21:33:57'),
(273, 56, 212, 1, '2020-01-30 05:21:43', '2020-01-30 05:21:43'),
(286, 1, 226, 1, '2020-02-04 06:45:43', '2020-02-04 06:45:43'),
(287, 1, 235, 1, '2020-02-04 06:45:43', '2020-02-04 06:45:43'),
(289, 22, 216, 1, '2020-02-10 07:38:35', '2020-02-10 07:38:35'),
(290, 61, 216, 1, '2020-02-17 15:55:32', '2020-02-17 15:55:32'),
(293, 62, 225, 1, '2020-02-23 18:36:49', '2020-02-23 18:36:49'),
(294, 67, 99, 1, '2020-02-28 13:55:19', '2020-02-28 13:55:19'),
(295, 67, 104, 1, '2020-02-28 13:55:40', '2020-02-28 13:55:40'),
(300, 64, 212, 1, '2020-03-04 22:59:36', '2020-03-04 22:59:36'),
(308, 58, 215, 2, '2020-03-05 05:47:17', '2020-03-05 05:47:17'),
(390, 68, 230, 1, '2020-03-05 09:07:55', '2020-03-05 09:07:55'),
(391, 68, 237, 1, '2020-03-05 09:07:55', '2020-03-05 09:07:55'),
(392, 68, 215, 1, '2020-03-05 09:07:55', '2020-03-05 09:07:55'),
(393, 68, 221, 1, '2020-03-05 09:07:55', '2020-03-05 09:07:55'),
(394, 68, 210, 1, '2020-03-05 09:07:55', '2020-03-05 09:07:55'),
(395, 68, 225, 1, '2020-03-05 09:07:55', '2020-03-05 09:07:55'),
(396, 68, 207, 1, '2020-03-05 09:07:55', '2020-03-05 09:07:55'),
(397, 68, 221, 1, '2020-03-05 09:07:55', '2020-03-05 09:07:55');

-- --------------------------------------------------------

--
-- Структура таблицы `cats`
--

CREATE TABLE `cats` (
  `id` bigint(20) UNSIGNED NOT NULL,
  `order_number` int(11) DEFAULT NULL,
  `hidden` tinyint(1) NOT NULL DEFAULT '1',
  `title` varchar(255) COLLATE utf8mb4_unicode_ci NOT NULL,
  `thumb` varchar(255) COLLATE utf8mb4_unicode_ci DEFAULT NULL,
  `created_at` timestamp NULL DEFAULT NULL,
  `updated_at` timestamp NULL DEFAULT NULL
) ENGINE=InnoDB DEFAULT CHARSET=utf8mb4 COLLATE=utf8mb4_unicode_ci;

--
-- Дамп данных таблицы `cats`
--

INSERT INTO `cats` (`id`, `order_number`, `hidden`, `title`, `thumb`, `created_at`, `updated_at`) VALUES
(2, 4, 1, 'Vinobank', '/storage/2019/10/15/5da5adcd1b6d1-винобанк.png', NULL, '2019-10-15 14:30:21'),
(3, 1, 1, 'Букеты', '/storage/2019/10/15/5da5adfb27740-букеты.png', NULL, '2019-10-15 14:31:07'),
(4, 2, 1, 'Комнатные растения', '/storage/2019/10/15/5da5ae5e85392-комнатные-растения.png', NULL, '2019-10-15 14:32:46'),
(9, 3, 1, 'Аксессуары', '/storage/2019/10/15/5da5ae6e83274-аксессуары.png', '2019-08-15 09:10:26', '2019-10-15 14:33:02');

-- --------------------------------------------------------

--
-- Структура таблицы `chats`
--

CREATE TABLE `chats` (
  `id` bigint(20) UNSIGNED NOT NULL,
  `message` varchar(255) COLLATE utf8mb4_unicode_ci NOT NULL,
  `user_id` bigint(20) UNSIGNED NOT NULL,
  `destination` enum('fromUser','toUser') COLLATE utf8mb4_unicode_ci NOT NULL,
  `status` enum('read','unread') COLLATE utf8mb4_unicode_ci NOT NULL DEFAULT 'unread',
  `created_at` timestamp NULL DEFAULT NULL,
  `updated_at` timestamp NULL DEFAULT NULL
) ENGINE=InnoDB DEFAULT CHARSET=utf8mb4 COLLATE=utf8mb4_unicode_ci;

--
-- Дамп данных таблицы `chats`
--

INSERT INTO `chats` (`id`, `message`, `user_id`, `destination`, `status`, `created_at`, `updated_at`) VALUES
(1, 'Hello World', 1, 'fromUser', 'unread', '2019-08-19 03:00:00', '2019-08-19 12:04:38'),
(2, 'Hello World 2', 1, 'toUser', 'read', '2019-08-19 06:00:00', '2019-11-14 10:37:31'),
(3, 'Hello World', 1, 'fromUser', 'unread', '2019-08-19 12:04:29', '2019-08-19 12:04:38'),
(4, 'Hello World', 1, 'fromUser', 'unread', '2019-08-19 13:00:42', '2019-08-19 13:00:42'),
(5, 'Hello WorldFromUSer', 1, 'fromUser', 'unread', '2019-09-07 10:29:30', '2019-09-07 10:29:30'),
(6, '%D0%BE%D1%81%D0%BB%D0%B0%D0%BB%D0%B0%D0%BB', 1, 'fromUser', 'unread', '2019-09-07 11:00:30', '2019-09-07 11:00:30'),
(7, '%D1%82%D0%B0%D0%BE%D0%B0%D0%BB%D0%B0', 1, 'fromUser', 'unread', '2019-09-07 11:00:36', '2019-09-07 11:00:36'),
(8, 'Hello WorldFromUSer', 2, 'fromUser', 'unread', '2019-09-07 11:04:00', '2019-09-07 11:04:00'),
(9, '%D0%B3%D0%BE%D0%BE%D0%BE', 1, 'fromUser', 'unread', '2019-09-07 11:06:01', '2019-09-07 11:06:01'),
(10, '%D1%82%D0%B0%D1%82%D0%B0%D0%BB%D0%B0%D0%B0%D1%82', 1, 'fromUser', 'unread', '2019-09-07 11:21:09', '2019-09-07 11:21:09'),
(11, '%D0%B8%D0%BE%D0%BE', 1, 'fromUser', 'unread', '2019-09-07 11:22:48', '2019-09-07 11:22:48'),
(12, '%5Cu0440%5Cu0438%5Cu0442%5Cu043e', 1, 'fromUser', 'unread', '2019-09-07 11:32:29', '2019-09-07 11:32:29'),
(13, 'отол', 1, 'fromUser', 'unread', '2019-09-19 08:00:53', '2019-09-19 08:00:53'),
(14, 'лллгиги', 1, 'fromUser', 'unread', '2019-09-19 08:00:56', '2019-09-19 08:00:56'),
(15, 'Hello World', 17, 'fromUser', 'unread', '2019-09-24 12:05:29', '2019-09-24 12:05:29'),
(16, 'Hello W11', 17, 'fromUser', 'unread', '2019-09-24 12:23:41', '2019-09-24 12:23:41'),
(17, '5f5f f', 17, 'fromUser', 'unread', '2019-09-24 12:24:50', '2019-09-24 12:24:50'),
(18, '7 gt hxe', 17, 'fromUser', 'unread', '2019-09-24 12:24:56', '2019-09-24 12:24:56'),
(19, '2dg72dg7d2', 17, 'fromUser', 'unread', '2019-09-24 12:24:57', '2019-09-24 12:24:57'),
(20, 'D267b2d7hd2', 17, 'fromUser', 'unread', '2019-09-24 12:24:59', '2019-09-24 12:24:59'),
(21, '2dh72d7hd2', 17, 'fromUser', 'unread', '2019-09-24 12:25:00', '2019-09-24 12:25:00'),
(22, '2d7j2d7h3d', 17, 'fromUser', 'unread', '2019-09-24 12:25:00', '2019-09-24 12:25:00'),
(23, 'J8d2h72d', 17, 'fromUser', 'unread', '2019-09-24 12:25:01', '2019-09-24 12:25:01'),
(24, 'Ya 2dh72d', 17, 'fromUser', 'unread', '2019-09-24 12:25:02', '2019-09-24 12:25:02'),
(25, 'Gdgeye', 17, 'fromUser', 'unread', '2019-09-24 12:27:33', '2019-09-24 12:27:33'),
(26, 'Rgeye', 17, 'fromUser', 'unread', '2019-09-24 12:27:38', '2019-09-24 12:27:38'),
(27, '8h883gxh8d2', 17, 'fromUser', 'unread', '2019-09-24 12:31:10', '2019-09-24 12:31:10'),
(28, 'Ws7gs2gg7s2', 17, 'fromUser', 'unread', '2019-09-24 12:31:11', '2019-09-24 12:31:11'),
(29, 'Ya 6 Google', 17, 'fromUser', 'unread', '2019-09-24 12:31:13', '2019-09-24 12:31:13'),
(30, '7g27gd37v3d', 17, 'fromUser', 'unread', '2019-09-24 12:31:15', '2019-09-24 12:31:15'),
(31, 'S377gd37h3s', 17, 'fromUser', 'unread', '2019-09-24 12:31:17', '2019-09-24 12:31:17'),
(32, 'S s2', 17, 'fromUser', 'unread', '2019-09-24 12:31:18', '2019-09-24 12:31:18'),
(33, '7g67gs2', 17, 'fromUser', 'unread', '2019-09-24 12:31:32', '2019-09-24 12:31:32'),
(34, 'Gud3ugs2', 17, 'fromUser', 'unread', '2019-09-24 12:31:33', '2019-09-24 12:31:33'),
(35, 'Xe6g3d7g', 17, 'fromUser', 'unread', '2019-09-24 12:31:34', '2019-09-24 12:31:34'),
(36, '7d373dg', 17, 'fromUser', 'unread', '2019-09-24 12:31:35', '2019-09-24 12:31:35'),
(37, '72d37dg', 17, 'fromUser', 'unread', '2019-09-24 12:31:36', '2019-09-24 12:31:36'),
(38, 'fewrgwfewefweffwe', 1, 'toUser', 'read', '2019-09-24 13:51:48', '2019-11-14 10:37:31'),
(39, 'fsef\r\nesfesf\r\nefs', 17, 'toUser', 'read', '2019-10-02 13:02:58', '2019-10-18 16:50:48'),
(40, 'ewfefwefw', 17, 'toUser', 'read', '2019-10-02 16:08:51', '2019-10-18 16:50:48'),
(41, 'qwdqfdqd', 17, 'toUser', 'read', '2019-10-02 16:17:45', '2019-10-18 16:50:48'),
(42, 'nmbjb', 17, 'toUser', 'read', '2019-10-02 16:50:48', '2019-10-18 16:50:48'),
(43, 'khvk', 17, 'toUser', 'read', '2019-10-02 16:59:14', '2019-10-18 16:50:48'),
(44, 'asfgasfa', 17, 'toUser', 'read', '2019-10-02 17:00:00', '2019-10-18 16:50:48'),
(45, 'wgeg', 17, 'toUser', 'read', '2019-10-02 17:00:16', '2019-10-18 16:50:48'),
(46, 'kbvkj', 17, 'toUser', 'read', '2019-10-02 17:02:25', '2019-10-18 16:50:48'),
(47, '/\';kjvbk;jb', 17, 'toUser', 'read', '2019-10-02 17:02:47', '2019-10-18 16:50:48'),
(48, 'klj bkj;b', 17, 'toUser', 'read', '2019-10-02 17:03:02', '2019-10-18 16:50:48'),
(49, 'grrg', 17, 'toUser', 'read', '2019-10-02 17:13:17', '2019-10-18 16:50:48'),
(50, 'кпуыпыу', 17, 'toUser', 'read', '2019-10-03 17:26:15', '2019-10-18 16:50:48'),
(51, 'яооыо', 21, 'fromUser', 'unread', '2019-10-04 14:17:36', '2019-10-04 14:17:36'),
(52, 'ллл', 21, 'fromUser', 'unread', '2019-10-04 14:17:40', '2019-10-04 14:17:40'),
(53, 'sdvjdsds', 1, 'toUser', 'read', '2019-10-05 07:53:04', '2019-11-14 10:37:31'),
(54, 'dewed', 1, 'toUser', 'read', '2019-10-05 07:57:04', '2019-11-14 10:37:31'),
(55, 'wcwedwedw', 21, 'toUser', 'read', '2019-10-05 07:58:07', '2020-01-13 21:35:07'),
(56, 'rtrhytgfw', 1, 'toUser', 'read', '2019-10-05 08:03:14', '2019-11-14 10:37:31'),
(57, 'fwefewfewf', 1, 'toUser', 'read', '2019-10-05 08:03:25', '2019-11-14 10:37:31'),
(58, 'шшашақашп', 1, 'fromUser', 'unread', '2019-10-05 11:14:30', '2019-10-05 11:14:30'),
(59, 'алала', 1, 'fromUser', 'unread', '2019-10-05 11:14:32', '2019-10-05 11:14:32'),
(60, 'Привет', 22, 'fromUser', 'unread', '2019-10-06 18:48:07', '2019-10-06 18:48:07'),
(61, 'yuhji', 1, 'toUser', 'read', '2019-10-07 13:08:52', '2019-11-14 10:37:31'),
(62, 'jhjio', 1, 'toUser', 'read', '2019-10-07 13:09:00', '2019-11-14 10:37:31'),
(63, 'fsgdhf', 1, 'toUser', 'read', '2019-10-07 13:15:15', '2019-11-14 10:37:31'),
(64, 'xdfgvhbjh', 1, 'toUser', 'read', '2019-10-07 13:24:37', '2019-11-14 10:37:31'),
(65, 'hhuijokpo', 1, 'toUser', 'read', '2019-10-07 13:30:22', '2019-11-14 10:37:31'),
(66, 'fudge', 1, 'toUser', 'read', '2019-10-07 13:30:57', '2019-11-14 10:37:31'),
(67, 'xvbccf', 1, 'toUser', 'read', '2019-10-07 13:38:35', '2019-11-14 10:37:31'),
(68, 'wedewdewd', 1, 'toUser', 'read', '2019-10-07 13:46:42', '2019-11-14 10:37:31'),
(69, 'fdsghs', 1, 'toUser', 'read', '2019-10-07 14:01:44', '2019-11-14 10:37:31'),
(70, 'ewdewd', 1, 'toUser', 'read', '2019-10-07 14:02:00', '2019-11-14 10:37:31'),
(71, 'entry', 1, 'toUser', 'read', '2019-10-07 14:03:26', '2019-11-14 10:37:31'),
(72, 'iojklkl', 1, 'toUser', 'read', '2019-10-07 14:05:15', '2019-11-14 10:37:31'),
(73, 'jlkjkk', 1, 'toUser', 'read', '2019-10-07 14:05:26', '2019-11-14 10:37:31'),
(74, 'cdsfdg', 1, 'toUser', 'read', '2019-10-07 14:05:51', '2019-11-14 10:37:31'),
(75, 'rftgyhuji', 1, 'toUser', 'read', '2019-10-07 14:09:00', '2019-11-14 10:37:31'),
(76, 'ease', 1, 'toUser', 'read', '2019-10-07 14:09:31', '2019-11-14 10:37:31'),
(77, 'dxfs', 1, 'toUser', 'read', '2019-10-07 14:11:22', '2019-11-14 10:37:31'),
(78, 'Hi v', 21, 'fromUser', 'unread', '2019-10-07 15:42:04', '2019-10-07 15:42:04'),
(79, 'efszvgrqfgdrfds', 1, 'toUser', 'read', '2019-10-08 13:03:48', '2019-11-14 10:37:31'),
(80, 'ототала', 1, 'fromUser', 'unread', '2019-10-10 07:34:55', '2019-10-10 07:34:55'),
(81, 'яроо', 1, 'fromUser', 'unread', '2019-10-10 09:41:14', '2019-10-10 09:41:14'),
(82, 'риии', 1, 'fromUser', 'unread', '2019-10-10 09:41:22', '2019-10-10 09:41:22'),
(83, 'gfg', 21, 'fromUser', 'unread', '2019-10-10 15:21:21', '2019-10-10 15:21:21'),
(84, 'hddd', 28, 'fromUser', 'unread', '2019-10-16 18:09:42', '2019-10-16 18:09:42'),
(85, 'fggv', 21, 'fromUser', 'unread', '2019-10-16 18:23:26', '2019-10-16 18:23:26'),
(86, '7', 21, 'fromUser', 'unread', '2019-10-16 18:23:35', '2019-10-16 18:23:35'),
(87, '77', 21, 'fromUser', 'unread', '2019-10-16 18:23:40', '2019-10-16 18:23:40'),
(88, 'bdbdbd', 21, 'fromUser', 'unread', '2019-10-17 14:21:30', '2019-10-17 14:21:30'),
(89, 'Рвоа', 17, 'fromUser', 'unread', '2019-10-18 14:38:07', '2019-10-18 14:38:07'),
(90, 'Гага', 17, 'fromUser', 'unread', '2019-10-18 14:41:26', '2019-10-18 14:41:26'),
(91, 'Ggg', 21, 'fromUser', 'unread', '2019-10-18 16:03:55', '2019-10-18 16:03:55'),
(92, 'шоо8о87о', 28, 'fromUser', 'unread', '2019-10-18 16:34:12', '2019-10-18 16:34:12'),
(93, 'Унгну', 17, 'fromUser', 'unread', '2019-10-18 16:42:21', '2019-10-18 16:42:21'),
(94, 'Гкгврвра', 17, 'fromUser', 'unread', '2019-10-18 16:42:31', '2019-10-18 16:42:31'),
(95, 'Hshshhs', 32, 'fromUser', 'unread', '2019-10-19 10:18:52', '2019-10-19 10:18:52'),
(96, 'Gagga', 32, 'fromUser', 'unread', '2019-10-19 10:19:01', '2019-10-19 10:19:01'),
(97, 'оовививт', 32, 'fromUser', 'unread', '2019-10-24 09:15:32', '2019-10-24 09:15:32'),
(98, 'твтвттв', 32, 'fromUser', 'unread', '2019-10-24 09:15:34', '2019-10-24 09:15:34'),
(99, 'двдв', 21, 'fromUser', 'unread', '2019-10-26 13:49:38', '2019-10-26 13:49:38'),
(100, 'двдв', 21, 'fromUser', 'unread', '2019-10-26 13:49:38', '2019-10-26 13:49:38'),
(101, 'gjghfjhgjf', 22, 'toUser', 'read', '2019-10-28 07:02:50', '2019-11-25 10:55:51'),
(102, 'hello', 21, 'toUser', 'read', '2019-10-31 07:46:05', '2020-01-13 21:35:07'),
(103, 'Kozel', 1, 'fromUser', 'unread', '2019-11-02 09:07:53', '2019-11-02 09:07:53'),
(104, 'Kozel', 1, 'fromUser', 'unread', '2019-11-02 09:07:53', '2019-11-02 09:07:53'),
(105, 'Kozel', 1, 'fromUser', 'unread', '2019-11-02 09:07:53', '2019-11-02 09:07:53'),
(106, 'ffg', 1, 'fromUser', 'unread', '2019-11-02 09:08:08', '2019-11-02 09:08:08'),
(107, 'ыва', 21, 'toUser', 'read', '2019-11-13 16:58:10', '2020-01-13 21:35:07'),
(108, 'dafhgg v cdgjgfdgff', 1, 'fromUser', 'unread', '2019-11-14 10:37:14', '2019-11-14 10:37:14'),
(109, 'shh dsssdfggghhhgffddffghuhhdxgjgfddswfghv', 1, 'fromUser', 'unread', '2019-11-14 10:37:29', '2019-11-14 10:37:29'),
(110, 'Добрый день', 32, 'fromUser', 'unread', '2019-11-26 10:35:39', '2019-11-26 10:35:39'),
(111, 'Ffv', 21, 'fromUser', 'unread', '2020-01-13 10:34:45', '2020-01-13 10:34:45'),
(112, 'Dddf', 21, 'fromUser', 'unread', '2020-01-13 10:34:51', '2020-01-13 10:34:51'),
(113, 'Пр', 21, 'fromUser', 'unread', '2020-01-13 21:35:05', '2020-01-13 21:35:05'),
(114, 'Hello!', 41, 'fromUser', 'unread', '2020-01-19 23:19:06', '2020-01-19 23:19:06'),
(115, 'Здравстуйте', 41, 'fromUser', 'unread', '2020-03-06 09:20:49', '2020-03-06 09:20:49'),
(116, 'Цены которые указаны на фото букетов', 41, 'fromUser', 'unread', '2020-03-06 09:21:04', '2020-03-06 09:21:04'),
(117, 'Цены которые указаны на фото букетов', 41, 'fromUser', 'unread', '2020-03-06 09:21:04', '2020-03-06 09:21:04'),
(118, 'Эти же цены?', 41, 'fromUser', 'unread', '2020-03-06 09:21:17', '2020-03-06 09:21:17');

-- --------------------------------------------------------

--
-- Структура таблицы `cities`
--

CREATE TABLE `cities` (
  `id` bigint(20) UNSIGNED NOT NULL,
  `city` varchar(255) COLLATE utf8mb4_unicode_ci NOT NULL,
  `created_at` timestamp NULL DEFAULT NULL,
  `updated_at` timestamp NULL DEFAULT NULL
) ENGINE=InnoDB DEFAULT CHARSET=utf8mb4 COLLATE=utf8mb4_unicode_ci;

--
-- Дамп данных таблицы `cities`
--

INSERT INTO `cities` (`id`, `city`, `created_at`, `updated_at`) VALUES
(5, 'Шымкент', NULL, NULL);

-- --------------------------------------------------------

--
-- Структура таблицы `contacts`
--

CREATE TABLE `contacts` (
  `id` bigint(20) UNSIGNED NOT NULL,
  `city_id` bigint(20) UNSIGNED NOT NULL,
  `address` varchar(255) COLLATE utf8mb4_unicode_ci NOT NULL,
  `phone` varchar(255) COLLATE utf8mb4_unicode_ci NOT NULL,
  `workHour` varchar(255) COLLATE utf8mb4_unicode_ci NOT NULL,
  `lng` decimal(10,7) NOT NULL,
  `lat` decimal(10,7) NOT NULL,
  `created_at` timestamp NULL DEFAULT NULL,
  `updated_at` timestamp NULL DEFAULT NULL
) ENGINE=InnoDB DEFAULT CHARSET=utf8mb4 COLLATE=utf8mb4_unicode_ci;

--
-- Дамп данных таблицы `contacts`
--

INSERT INTO `contacts` (`id`, `city_id`, `address`, `phone`, `workHour`, `lng`, `lat`, `created_at`, `updated_at`) VALUES
(3, 5, 'пр.Байдибек би, 67', '87015552213,87015552214', '08:00 - 24:00', '42.3606691', '69.6185374', '2019-08-27 16:10:02', '2019-11-27 21:14:25');

-- --------------------------------------------------------

--
-- Структура таблицы `f_a_q_s`
--

CREATE TABLE `f_a_q_s` (
  `id` bigint(20) UNSIGNED NOT NULL,
  `title` varchar(255) COLLATE utf8mb4_unicode_ci NOT NULL,
  `description` text COLLATE utf8mb4_unicode_ci NOT NULL,
  `created_at` timestamp NULL DEFAULT NULL,
  `updated_at` timestamp NULL DEFAULT NULL
) ENGINE=InnoDB DEFAULT CHARSET=utf8mb4 COLLATE=utf8mb4_unicode_ci;

--
-- Дамп данных таблицы `f_a_q_s`
--

INSERT INTO `f_a_q_s` (`id`, `title`, `description`, `created_at`, `updated_at`) VALUES
(1, 'Почему нужно пересаживать растения именно зимой?', 'Пересадка – это важный этап ухода за растениями, в тонкостях которого нужно разбираться каждому цветоводу. Имея общие представления о процедуре, вы вряд ли сможете справиться с различными методами, поэтому необходимо углубиться в этот вопрос. Как правило, осуществлять пересаживание комнатных растений необходимо в весенне-летний период.', NULL, NULL);

-- --------------------------------------------------------

--
-- Структура таблицы `images`
--

CREATE TABLE `images` (
  `id` bigint(20) UNSIGNED NOT NULL,
  `path` varchar(255) COLLATE utf8mb4_unicode_ci NOT NULL,
  `created_at` timestamp NULL DEFAULT NULL,
  `updated_at` timestamp NULL DEFAULT NULL
) ENGINE=InnoDB DEFAULT CHARSET=utf8mb4 COLLATE=utf8mb4_unicode_ci;

--
-- Дамп данных таблицы `images`
--

INSERT INTO `images` (`id`, `path`, `created_at`, `updated_at`) VALUES
(97, '/storage/2019/10/16/5da714e137516-iPhone_6-7-8_–_14.png', '2019-10-16 16:02:25', '2019-10-16 16:02:25'),
(98, '/storage/2019/10/16/5da714e139a77-iPhone_6-7-8_–_15.png', '2019-10-16 16:02:25', '2019-10-16 16:02:25'),
(102, '/storage/2019/10/25/5db2b57e969dd-iPhone_6-7-8_–_15.png', '2019-10-25 11:42:38', '2019-10-25 11:42:38'),
(103, '/storage/2019/10/25/5db2b580908ce-iPhone_6-7-8_–_15.png', '2019-10-25 11:42:40', '2019-10-25 11:42:40'),
(104, '/storage/2019/10/25/5db2b79975695-iPhone_6-7-8_–_15.png', '2019-10-25 11:51:37', '2019-10-25 11:51:37'),
(105, '/storage/2019/10/25/5db2b7de65548-iPhone_6-7-8_–_15.png', '2019-10-25 11:52:46', '2019-10-25 11:52:46'),
(106, '/storage/2019/10/25/5db2b816e2be1-iPhone_6-7-8_–_15.png', '2019-10-25 11:53:42', '2019-10-25 11:53:42'),
(112, '/storage/2019/10/25/5db2c87c8fe6e-iPhone_6-7-8_–_15.png', '2019-10-25 13:03:40', '2019-10-25 13:03:40'),
(113, '/storage/2019/10/25/5db2c8981cdcb-iPhone_6-7-8_–_15.png', '2019-10-25 13:04:08', '2019-10-25 13:04:08'),
(114, '/storage/2019/10/25/5db2c8d0275d2-iPhone_6-7-8_–_15.png', '2019-10-25 13:05:04', '2019-10-25 13:05:04'),
(116, '/storage/2019/11/20/5dd534e2a31e2-1080-x-1080_(2).png', '2019-11-20 15:43:14', '2019-11-20 15:43:14'),
(117, '/storage/2019/11/21/5dd630e22ceda-1080-x-1080_(2).png', '2019-11-21 09:38:26', '2019-11-21 09:38:26'),
(118, '/storage/2019/11/21/5dd6310b83ac4-1080-x-1080_(2).png', '2019-11-21 09:39:07', '2019-11-21 09:39:07'),
(119, '/storage/2019/11/21/5dd631300304d-1080-x-1080_(2).png', '2019-11-21 09:39:44', '2019-11-21 09:39:44'),
(121, '/storage/2019/11/21/5dd68ac752059-1080-x-1080_(2).png', '2019-11-21 16:01:59', '2019-11-21 16:01:59'),
(122, '/storage/2019/11/21/5dd68b22bc42e-1080-x-1080_(2).png', '2019-11-21 16:03:30', '2019-11-21 16:03:30'),
(123, '/storage/2019/11/21/5dd68b35751a8-1080-x-1080_(2).png', '2019-11-21 16:03:49', '2019-11-21 16:03:49'),
(125, '/storage/2019/11/25/5ddb7d8377693-01.jpg', '2019-11-25 10:06:43', '2019-11-25 10:06:43'),
(126, '/storage/2019/11/25/5ddb7dd701bbf-01.png', '2019-11-25 10:08:07', '2019-11-25 10:08:07'),
(127, '/storage/2019/11/25/5ddb7dea92f48-01.jpg', '2019-11-25 10:08:26', '2019-11-25 10:08:26'),
(133, '/storage/2019/11/25/5ddb8182b05c7-01.jpg', '2019-11-25 10:23:46', '2019-11-25 10:23:46'),
(139, '/storage/2019/11/25/5ddbf0bf9c45d-03.png', '2019-11-25 18:18:23', '2019-11-25 18:18:23'),
(140, '/storage/2019/11/25/5ddbf4645b396-01.png', '2019-11-25 18:33:56', '2019-11-25 18:33:56'),
(142, '/storage/2019/11/25/5ddbf6205e15c-02.png', '2019-11-25 18:41:20', '2019-11-25 18:41:20'),
(143, '/storage/2019/11/25/5ddbf65547d1f-04.png', '2019-11-25 18:42:13', '2019-11-25 18:42:13'),
(144, '/storage/2019/11/25/5ddbf67e6e45d-05.png', '2019-11-25 18:42:54', '2019-11-25 18:42:54'),
(145, '/storage/2019/11/25/5ddbf6f3cea3a-06.png', '2019-11-25 18:44:51', '2019-11-25 18:44:51'),
(146, '/storage/2019/11/25/5ddbf72f8a88b-07.png', '2019-11-25 18:45:51', '2019-11-25 18:45:51'),
(147, '/storage/2019/11/25/5ddbf74ba89b0-08.png', '2019-11-25 18:46:19', '2019-11-25 18:46:19'),
(148, '/storage/2019/11/25/5ddbf77c94189-09.png', '2019-11-25 18:47:08', '2019-11-25 18:47:08'),
(149, '/storage/2019/11/25/5ddbf7efc789a-10.png', '2019-11-25 18:49:03', '2019-11-25 18:49:03'),
(150, '/storage/2019/11/25/5ddbf8c8cfbc2-11.png', '2019-11-25 18:52:40', '2019-11-25 18:52:40'),
(151, '/storage/2019/11/25/5ddbf983e1c6b-12.png', '2019-11-25 18:55:47', '2019-11-25 18:55:47'),
(152, '/storage/2019/11/25/5ddbf9ab8b1ab-13.png', '2019-11-25 18:56:27', '2019-11-25 18:56:27'),
(153, '/storage/2019/11/25/5ddbf9dacd7e4-14.png', '2019-11-25 18:57:14', '2019-11-25 18:57:14'),
(154, '/storage/2019/11/25/5ddbf9fab8aa9-15.png', '2019-11-25 18:57:46', '2019-11-25 18:57:46'),
(155, '/storage/2019/11/27/5dde97e390a70-16.png', '2019-11-27 18:36:03', '2019-11-27 18:36:03'),
(156, '/storage/2019/11/27/5dde982778cd6-17.png', '2019-11-27 18:37:11', '2019-11-27 18:37:11'),
(157, '/storage/2019/11/27/5dde98471ccd8-18.png', '2019-11-27 18:37:43', '2019-11-27 18:37:43'),
(158, '/storage/2019/11/27/5dde986846fe2-19.png', '2019-11-27 18:38:16', '2019-11-27 18:38:16'),
(159, '/storage/2019/11/27/5dde988d9b3c7-20.png', '2019-11-27 18:38:53', '2019-11-27 18:38:53'),
(160, '/storage/2019/11/27/5dde98b7175b9-21.png', '2019-11-27 18:39:35', '2019-11-27 18:39:35'),
(161, '/storage/2019/11/27/5dde98f885f74-22.png', '2019-11-27 18:40:40', '2019-11-27 18:40:40'),
(162, '/storage/2019/11/27/5dde991508e15-22.png', '2019-11-27 18:41:09', '2019-11-27 18:41:09'),
(163, '/storage/2019/11/27/5dde994c1b211-22.png', '2019-11-27 18:42:04', '2019-11-27 18:42:04'),
(164, '/storage/2019/11/27/5dde995f501c9-23.png', '2019-11-27 18:42:23', '2019-11-27 18:42:23'),
(165, '/storage/2019/11/27/5dde997c55589-24.png', '2019-11-27 18:42:52', '2019-11-27 18:42:52'),
(166, '/storage/2019/11/27/5dde99915f818-25.png', '2019-11-27 18:43:13', '2019-11-27 18:43:13'),
(167, '/storage/2019/11/27/5dde99b981832-26.png', '2019-11-27 18:43:53', '2019-11-27 18:43:53'),
(168, '/storage/2019/11/27/5dde99e027f63-27.png', '2019-11-27 18:44:32', '2019-11-27 18:44:32'),
(169, '/storage/2019/11/27/5dde99f8e1d29-28.png', '2019-11-27 18:44:56', '2019-11-27 18:44:56'),
(171, '/storage/2019/11/27/5dde9a2c47b5d-30.png', '2019-11-27 18:45:48', '2019-11-27 18:45:48'),
(172, '/storage/2019/11/27/5dde9ad0462e5-05.png', '2019-11-27 18:48:32', '2019-11-27 18:48:32'),
(173, '/storage/2019/11/27/5dde9ba7585bd-29.png', '2019-11-27 18:52:07', '2019-11-27 18:52:07'),
(175, '/storage/2019/11/27/5dde9d5ada57f-02.png', '2019-11-27 18:59:22', '2019-11-27 18:59:22'),
(176, '/storage/2019/11/27/5dde9d955209f-02.png', '2019-11-27 19:00:21', '2019-11-27 19:00:21'),
(177, '/storage/2019/11/27/5dde9ecf9b663-03.png', '2019-11-27 19:05:35', '2019-11-27 19:05:35'),
(178, '/storage/2019/11/27/5dde9ee168587-04.png', '2019-11-27 19:05:53', '2019-11-27 19:05:53'),
(179, '/storage/2019/11/27/5dde9fb2af0e9-05.png', '2019-11-27 19:09:22', '2019-11-27 19:09:22'),
(180, '/storage/2019/11/27/5ddea02803966-06.png', '2019-11-27 19:11:20', '2019-11-27 19:11:20'),
(181, '/storage/2019/11/27/5ddea034256f3-07.png', '2019-11-27 19:11:32', '2019-11-27 19:11:32'),
(182, '/storage/2019/11/27/5ddea0508d116-08.png', '2019-11-27 19:12:00', '2019-11-27 19:12:00'),
(183, '/storage/2019/11/27/5ddea0679cabb-09.png', '2019-11-27 19:12:23', '2019-11-27 19:12:23'),
(184, '/storage/2019/11/27/5ddea07b64e7f-10.png', '2019-11-27 19:12:43', '2019-11-27 19:12:43'),
(185, '/storage/2019/11/27/5ddea09e83dfd-11.png', '2019-11-27 19:13:18', '2019-11-27 19:13:18'),
(187, '/storage/2019/11/27/5ddea0daf0ce2-13.png', '2019-11-27 19:14:18', '2019-11-27 19:14:18'),
(188, '/storage/2019/11/27/5ddea134c131b-14.png', '2019-11-27 19:15:48', '2019-11-27 19:15:48'),
(189, '/storage/2019/11/27/5ddea15a55333-15.png', '2019-11-27 19:16:26', '2019-11-27 19:16:26'),
(190, '/storage/2019/11/27/5ddea18a765b5-16.png', '2019-11-27 19:17:14', '2019-11-27 19:17:14'),
(191, '/storage/2019/11/27/5ddea1aaf2950-17.png', '2019-11-27 19:17:46', '2019-11-27 19:17:46'),
(192, '/storage/2019/11/27/5ddea1c56a78b-18.png', '2019-11-27 19:18:13', '2019-11-27 19:18:13'),
(193, '/storage/2019/11/27/5ddea1dc344d5-19.png', '2019-11-27 19:18:36', '2019-11-27 19:18:36'),
(194, '/storage/2019/11/27/5ddea1efef651-20.png', '2019-11-27 19:18:55', '2019-11-27 19:18:55'),
(195, '/storage/2019/11/27/5ddea2088bf32-20.png', '2019-11-27 19:19:20', '2019-11-27 19:19:20'),
(196, '/storage/2019/11/27/5ddea2ae7ac55-29.png', '2019-11-27 19:22:06', '2019-11-27 19:22:06'),
(197, '/storage/2019/11/27/5ddea32692673-21.png', '2019-11-27 19:24:06', '2019-11-27 19:24:06'),
(198, '/storage/2019/11/27/5ddea344cc601-22.png', '2019-11-27 19:24:36', '2019-11-27 19:24:36'),
(199, '/storage/2019/11/27/5ddea3666d831-23.png', '2019-11-27 19:25:10', '2019-11-27 19:25:10'),
(200, '/storage/2019/11/27/5ddea385efb91-24.png', '2019-11-27 19:25:41', '2019-11-27 19:25:41'),
(201, '/storage/2019/11/27/5ddea39bb966b-25.png', '2019-11-27 19:26:03', '2019-11-27 19:26:03'),
(202, '/storage/2019/11/27/5ddea4ab2086b-26.png', '2019-11-27 19:30:35', '2019-11-27 19:30:35'),
(203, '/storage/2019/11/27/5ddea4c5309e6-27.png', '2019-11-27 19:31:01', '2019-11-27 19:31:01'),
(204, '/storage/2019/11/27/5ddea50c69108-28.png', '2019-11-27 19:32:12', '2019-11-27 19:32:12'),
(205, '/storage/2019/11/27/5ddea525bc94a-29.png', '2019-11-27 19:32:37', '2019-11-27 19:32:37'),
(207, '/storage/2019/11/27/5ddea7d67c924-01.png', '2019-11-27 19:44:06', '2019-11-27 19:44:06'),
(208, '/storage/2019/11/27/5ddea7ecf08b3-02.png', '2019-11-27 19:44:28', '2019-11-27 19:44:28'),
(209, '/storage/2019/11/27/5ddea8078cd7d-03.png', '2019-11-27 19:44:55', '2019-11-27 19:44:55'),
(210, '/storage/2019/11/27/5ddea8224daff-04.png', '2019-11-27 19:45:22', '2019-11-27 19:45:22'),
(211, '/storage/2019/11/27/5ddea84122e46-05.png', '2019-11-27 19:45:53', '2019-11-27 19:45:53'),
(213, '/storage/2019/11/27/5ddea8e33b12f-07.png', '2019-11-27 19:48:35', '2019-11-27 19:48:35'),
(214, '/storage/2019/11/27/5ddea8f9c1875-08.png', '2019-11-27 19:48:57', '2019-11-27 19:48:57'),
(215, '/storage/2019/11/27/5ddea949ecbc3-09.png', '2019-11-27 19:50:17', '2019-11-27 19:50:17'),
(216, '/storage/2019/11/27/5ddea96adce4d-10.png', '2019-11-27 19:50:50', '2019-11-27 19:50:50'),
(217, '/storage/2019/11/27/5ddea9dc127ef-06.png', '2019-11-27 19:52:44', '2019-11-27 19:52:44'),
(218, '/storage/2019/11/27/5ddea9fc7d3d4-11.png', '2019-11-27 19:53:16', '2019-11-27 19:53:16'),
(219, '/storage/2019/11/27/5ddeaa2281f80-12.png', '2019-11-27 19:53:54', '2019-11-27 19:53:54'),
(220, '/storage/2019/11/27/5ddeaa7a7c30a-13.png', '2019-11-27 19:55:22', '2019-11-27 19:55:22'),
(221, '/storage/2019/11/27/5ddeaa9b5f60a-14.png', '2019-11-27 19:55:55', '2019-11-27 19:55:55'),
(222, '/storage/2019/11/27/5ddeaab75847a-15.png', '2019-11-27 19:56:23', '2019-11-27 19:56:23'),
(223, '/storage/2019/11/27/5ddeaad85807d-16.png', '2019-11-27 19:56:56', '2019-11-27 19:56:56'),
(224, '/storage/2019/11/27/5ddeaaf4e4064-17.png', '2019-11-27 19:57:24', '2019-11-27 19:57:24'),
(225, '/storage/2019/11/27/5ddeab11a2047-18.png', '2019-11-27 19:57:53', '2019-11-27 19:57:53'),
(226, '/storage/2019/11/27/5ddeab298bad9-19.png', '2019-11-27 19:58:17', '2019-11-27 19:58:17'),
(227, '/storage/2019/11/27/5ddeab40c05dc-20.png', '2019-11-27 19:58:40', '2019-11-27 19:58:40'),
(228, '/storage/2019/11/27/5ddeab61e7d71-20.png', '2019-11-27 19:59:13', '2019-11-27 19:59:13'),
(229, '/storage/2019/11/27/5ddeab7ec77ac-21.png', '2019-11-27 19:59:42', '2019-11-27 19:59:42'),
(230, '/storage/2019/11/27/5ddeab9311144-22.png', '2019-11-27 20:00:03', '2019-11-27 20:00:03'),
(231, '/storage/2019/11/27/5ddeaba778e15-23.png', '2019-11-27 20:00:23', '2019-11-27 20:00:23'),
(232, '/storage/2019/11/27/5ddeabc6a12fb-24.png', '2019-11-27 20:00:54', '2019-11-27 20:00:54'),
(233, '/storage/2019/11/27/5ddeabe2eb050-24.png', '2019-11-27 20:01:22', '2019-11-27 20:01:22'),
(234, '/storage/2019/11/27/5ddeabef36384-25.png', '2019-11-27 20:01:35', '2019-11-27 20:01:35'),
(235, '/storage/2019/11/27/5ddeac2539185-26.png', '2019-11-27 20:02:29', '2019-11-27 20:02:29'),
(236, '/storage/2019/11/27/5ddeac494c257-27.png', '2019-11-27 20:03:05', '2019-11-27 20:03:05'),
(237, '/storage/2019/11/27/5ddeac626646f-28.png', '2019-11-27 20:03:30', '2019-11-27 20:03:30'),
(238, '/storage/2019/11/27/5ddeb0d420466-01.png', '2019-11-27 20:22:28', '2019-11-27 20:22:28'),
(239, '/storage/2019/11/27/5ddeb17a7eb1f-02.png', '2019-11-27 20:25:14', '2019-11-27 20:25:14'),
(240, '/storage/2019/11/27/5ddeb1a0b5cab-03.png', '2019-11-27 20:25:52', '2019-11-27 20:25:52'),
(241, '/storage/2019/11/27/5ddeb1ab7a9f4-04.png', '2019-11-27 20:26:03', '2019-11-27 20:26:03'),
(242, '/storage/2019/11/27/5ddeb1c878c98-05.png', '2019-11-27 20:26:32', '2019-11-27 20:26:32'),
(243, '/storage/2019/11/27/5ddeb31d84f0f-06.png', '2019-11-27 20:32:13', '2019-11-27 20:32:13'),
(244, '/storage/2019/11/27/5ddeb34d8a26d-07.png', '2019-11-27 20:33:01', '2019-11-27 20:33:01'),
(245, '/storage/2019/11/27/5ddeb3792145d-08.png', '2019-11-27 20:33:45', '2019-11-27 20:33:45'),
(246, '/storage/2019/11/27/5ddeb4aa0482b-09.png', '2019-11-27 20:38:50', '2019-11-27 20:38:50'),
(247, '/storage/2019/11/27/5ddeb4cf643e5-10.png', '2019-11-27 20:39:27', '2019-11-27 20:39:27'),
(248, '/storage/2019/11/27/5ddeb630e1e0a-11.png', '2019-11-27 20:45:20', '2019-11-27 20:45:20'),
(249, '/storage/2019/11/27/5ddeb65b62aa0-12.png', '2019-11-27 20:46:03', '2019-11-27 20:46:03'),
(250, '/storage/2019/11/27/5ddeb67d08cf7-13.png', '2019-11-27 20:46:37', '2019-11-27 20:46:37'),
(251, '/storage/2019/11/27/5ddeb69de6aa9-14.png', '2019-11-27 20:47:09', '2019-11-27 20:47:09'),
(252, '/storage/2019/11/27/5ddeb6be326ff-15.png', '2019-11-27 20:47:42', '2019-11-27 20:47:42'),
(253, '/storage/2019/11/27/5ddeb70a5bbcc-16.png', '2019-11-27 20:48:58', '2019-11-27 20:48:58'),
(254, '/storage/2019/11/27/5ddeb746f26b5-17.png', '2019-11-27 20:49:58', '2019-11-27 20:49:58'),
(255, '/storage/2019/11/27/5ddeb77412b55-18.png', '2019-11-27 20:50:44', '2019-11-27 20:50:44'),
(256, '/storage/2019/11/27/5ddeb7ae124a9-19.png', '2019-11-27 20:51:42', '2019-11-27 20:51:42'),
(257, '/storage/2019/11/27/5ddeb7c770c1d-20.png', '2019-11-27 20:52:07', '2019-11-27 20:52:07'),
(258, '/storage/2019/11/27/5ddeb85c3b77a-21.png', '2019-11-27 20:54:36', '2019-11-27 20:54:36'),
(259, '/storage/2019/11/27/5ddeb8795f93b-22.png', '2019-11-27 20:55:05', '2019-11-27 20:55:05'),
(260, '/storage/2019/11/27/5ddeb8d55e19b-23.png', '2019-11-27 20:56:37', '2019-11-27 20:56:37'),
(261, '/storage/2019/11/27/5ddeb8f85a9fd-24.png', '2019-11-27 20:57:12', '2019-11-27 20:57:12'),
(262, '/storage/2019/11/27/5ddeb91227dd0-25.png', '2019-11-27 20:57:38', '2019-11-27 20:57:38'),
(263, '/storage/2019/11/28/5ddeb9b46a3f6-26.png', '2019-11-27 21:00:20', '2019-11-27 21:00:20'),
(264, '/storage/2019/11/28/5ddeb9d4d50c7-27.png', '2019-11-27 21:00:52', '2019-11-27 21:00:52'),
(265, '/storage/2019/11/28/5ddeb9fe316aa-28.png', '2019-11-27 21:01:34', '2019-11-27 21:01:34'),
(266, '/storage/2019/11/28/5ddeba59992ee-29.png', '2019-11-27 21:03:05', '2019-11-27 21:03:05'),
(267, '/storage/2019/11/28/5ddeba7b0616d-30.png', '2019-11-27 21:03:39', '2019-11-27 21:03:39');

-- --------------------------------------------------------

--
-- Структура таблицы `infos`
--

CREATE TABLE `infos` (
  `id` bigint(20) UNSIGNED NOT NULL,
  `key` varchar(255) COLLATE utf8mb4_unicode_ci NOT NULL,
  `description` text COLLATE utf8mb4_unicode_ci NOT NULL,
  `created_at` timestamp NULL DEFAULT NULL,
  `updated_at` timestamp NULL DEFAULT NULL
) ENGINE=InnoDB DEFAULT CHARSET=utf8mb4 COLLATE=utf8mb4_unicode_ci;

--
-- Дамп данных таблицы `infos`
--

INSERT INTO `infos` (`id`, `key`, `description`, `created_at`, `updated_at`) VALUES
(1, 'payment', 'Для вашего удобства, оплата за заказ производится:  - Наличными, в момент доставки, Торговому представителю;  - Банковской картой при доставке во всех городах Lamoda-Express;  - Онлайн-оплата банковской картой (при оплате данным методом - бесплатная доставка).', NULL, NULL),
(2, 'shipping', 'Наша компания доставляет заказы двумя способами:  1.Собственная служба доставки Lamoda Express осуществляет доставку до двери в городах:  Алматы, Нур-Султан, Атырау, Актау, Актобе, Темиртау, Шымкент, Уральск, Усть-Каменогорск, Тараз, Павлодар, Петропавловск, Караганда, Костанай, Кызыл-Орда, Кокшетау.  2. В других регионах доставку осуществляет почтовая служба «Казпочта» (получение товара в отделении Казпочты).', NULL, '2019-08-28 12:53:52');

-- --------------------------------------------------------

--
-- Структура таблицы `items`
--

CREATE TABLE `items` (
  `id` bigint(20) UNSIGNED NOT NULL,
  `title` varchar(255) COLLATE utf8mb4_unicode_ci DEFAULT NULL,
  `cat_id` bigint(20) UNSIGNED NOT NULL,
  `sub_cat_id` bigint(20) UNSIGNED DEFAULT NULL,
  `city_id` bigint(20) UNSIGNED NOT NULL,
  `price` int(11) NOT NULL DEFAULT '0',
  `count` int(11) NOT NULL DEFAULT '1',
  `isNew` tinyint(1) NOT NULL DEFAULT '0',
  `isDiscount` tinyint(1) NOT NULL DEFAULT '0',
  `height` varchar(55) COLLATE utf8mb4_unicode_ci NOT NULL DEFAULT '0',
  `diameter` varchar(55) COLLATE utf8mb4_unicode_ci NOT NULL DEFAULT '0',
  `type` varchar(255) COLLATE utf8mb4_unicode_ci NOT NULL DEFAULT 'default',
  `description` text COLLATE utf8mb4_unicode_ci,
  `bonusPercentage` int(11) NOT NULL DEFAULT '0',
  `created_at` timestamp NULL DEFAULT NULL,
  `updated_at` timestamp NULL DEFAULT NULL
) ENGINE=InnoDB DEFAULT CHARSET=utf8mb4 COLLATE=utf8mb4_unicode_ci;

--
-- Дамп данных таблицы `items`
--

INSERT INTO `items` (`id`, `title`, `cat_id`, `sub_cat_id`, `city_id`, `price`, `count`, `isNew`, `isDiscount`, `height`, `diameter`, `type`, `description`, `bonusPercentage`, `created_at`, `updated_at`) VALUES
(99, 'Kalanchoe Calandiva', 4, 50, 5, 1300, 100, 0, 0, '22', '10', 'default', 'Элегантное комнатное растение, что прекрасно впишется в уютный интерьер Вашего дома, внеся в него нотку тропического шарма.', 0, '2019-11-19 09:05:20', '2019-12-03 08:36:39'),
(100, 'Nerium oleander', 4, 50, 5, 3500, 15, 0, 0, '40', '13', 'default', 'Элегантное комнатное растение, что прекрасно впишется в уютный интерьер Вашего дома, внеся в него нотку тропического шарма.', 0, '2019-11-19 09:05:20', '2019-12-03 08:36:57'),
(101, 'Passiflora caerulea', 4, 50, 5, 3200, 15, 0, 0, '60', '14', 'default', 'Элегантное комнатное растение, что прекрасно впишется в уютный интерьер Вашего дома, внеся в него нотку тропического шарма.', 0, '2019-11-19 09:05:20', '2019-11-29 13:33:34'),
(102, 'Phalaenopsis pannekoek', 4, 50, 5, 2700, 14, 0, 0, '39', '12', 'default', 'Элегантное комнатное растение, что прекрасно впишется в уютный интерьер Вашего дома, внеся в него нотку тропического шарма.', 0, '2019-11-19 09:05:20', '2019-11-29 13:33:29'),
(103, 'Phalaenopsis van-geel', 4, 50, 5, 3500, 15, 0, 0, '65', '12', 'default', 'Элегантное комнатное растение, что прекрасно впишется в уютный интерьер Вашего дома, внеся в него нотку тропического шарма.', 0, '2019-11-19 09:05:20', '2019-11-29 13:33:18'),
(104, 'Rosa Beau Monde Mix', 4, 50, 5, 1200, 12, 0, 0, '30', '12', 'default', 'Элегантное комнатное растение, что прекрасно впишется в уютный интерьер Вашего дома, внеся в него нотку тропического шарма.', 0, '2019-11-19 09:05:20', '2019-11-29 13:33:13'),
(105, 'Rosa beau monde', 4, 50, 5, 2100, 15, 0, 0, '30', '12', 'default', 'Элегантное комнатное растение, что прекрасно впишется в уютный интерьер Вашего дома, внеся в него нотку тропического шарма.', 0, '2019-11-19 09:05:20', '2019-12-03 08:37:16'),
(106, 'Rosa on stem', 4, 50, 5, 1000, 15, 0, 0, '70', '19', 'default', 'Элегантное комнатное растение, что прекрасно впишется в уютный интерьер Вашего дома, внеся в него нотку тропического шарма.', 0, '2019-11-19 09:05:20', '2019-11-29 13:33:04'),
(107, 'Spath bellini', 4, 50, 5, 2200, 15, 0, 0, '40', '13', 'default', 'Элегантное комнатное растение, что прекрасно впишется в уютный интерьер Вашего дома, внеся в него нотку тропического шарма.', 0, '2019-11-19 09:05:20', '2019-11-29 13:32:59'),
(108, 'Spath Torelli', 4, 50, 5, 1900, 15, 0, 1, '40', '12', 'default', 'Элегантное комнатное растение, что прекрасно впишется в уютный интерьер Вашего дома, внеся в него нотку тропического шарма.', 0, '2019-11-19 09:05:20', '2019-11-29 13:32:26'),
(109, 'Streptocarpus Mix', 4, 50, 5, 2000, 15, 0, 1, '30', '12', 'default', 'Элегантное комнатное растение, что прекрасно впишется в уютный интерьер Вашего дома, внеся в него нотку тропического шарма.', 0, '2019-11-19 09:05:20', '2019-11-29 13:32:31'),
(110, 'Vaccinium Corymbosum', 4, 50, 5, 2200, 15, 0, 1, '40', '14', 'default', 'Элегантное комнатное растение, что прекрасно впишется в уютный интерьер Вашего дома, внеся в него нотку тропического шарма.', 0, '2019-11-19 09:05:20', '2019-11-29 13:32:35'),
(111, 'Zantedeschia Mix', 4, 50, 5, 3600, 15, 0, 1, '55', '13', 'default', 'Элегантное комнатное растение, что прекрасно впишется в уютный интерьер Вашего дома, внеся в него нотку тропического шарма.', 0, '2019-11-19 09:05:20', '2019-11-29 13:32:39'),
(112, 'Clusia rosea princess', 4, 50, 5, 3300, 15, 0, 1, '50', '17', 'default', 'Элегантное комнатное растение, что прекрасно впишется в уютный интерьер Вашего дома, внеся в него нотку тропического шарма.', 0, '2019-11-19 09:05:20', '2019-11-29 13:32:46'),
(113, 'Drac frag steudneri', 4, 50, 5, 1700, 15, 0, 1, '45', '11', 'default', 'Элегантное комнатное растение, что прекрасно впишется в уютный интерьер Вашего дома, внеся в него нотку тропического шарма.', 0, '2019-11-19 09:05:20', '2019-11-29 13:32:12'),
(114, 'Draciena Marginata', 4, 50, 5, 10700, 15, 0, 1, '120', '21', 'default', 'Элегантное комнатное растение, что прекрасно впишется в уютный интерьер Вашего дома, внеся в него нотку тропического шарма.', 0, '2019-11-19 09:05:20', '2019-11-29 13:32:08'),
(115, 'Drac marginata', 4, 50, 5, 15399, 15, 0, 1, '150', '24', 'default', 'Элегантное комнатное растение, что прекрасно впишется в уютный интерьер Вашего дома, внеся в него нотку тропического шарма.', 0, '2019-11-19 09:05:20', '2019-11-29 13:32:04'),
(116, 'Ficus be danielle', 4, 50, 5, 28000, 15, 0, 1, '200', '27', 'default', 'Элегантное комнатное растение, что прекрасно впишется в уютный интерьер Вашего дома, внеся в него нотку тропического шарма.', 0, '2019-11-19 09:05:20', '2019-11-29 13:31:59'),
(117, 'Ficus ov cyathistipula', 4, 50, 5, 11200, 15, 0, 1, '100', '21', 'default', 'Элегантное комнатное растение, что прекрасно впишется в уютный интерьер Вашего дома, внеся в него нотку тропического шарма.', 0, '2019-11-19 09:05:20', '2019-11-29 13:31:54'),
(118, 'Hydrangea Hot Red', 4, 50, 5, 2100, 15, 1, 0, '23', '10', 'default', 'Элегантное комнатное растение, что прекрасно впишется в уютный интерьер Вашего дома, внеся в него нотку тропического шарма.', 0, '2019-11-19 09:05:20', '2019-11-29 13:31:42'),
(119, 'Nephrolepis Ex Green Moment', 4, 50, 5, 3100, 15, 1, 0, '50', '17', 'default', 'Элегантное комнатное растение, что прекрасно впишется в уютный интерьер Вашего дома, внеся в него нотку тропического шарма.', 0, '2019-11-19 09:05:20', '2019-11-29 13:31:37'),
(120, 'Ov Pl In Schaal 6%', 4, 50, 5, 4900, 15, 1, 0, '0', '18', 'default', 'Элегантное комнатное растение, что прекрасно впишется в уютный интерьер Вашего дома, внеся в него нотку тропического шарма.', 0, '2019-11-19 09:05:20', '2019-11-29 13:31:32'),
(121, 'Schefflera charlotte', 4, 50, 5, 2500, 15, 1, 0, '45', '13', 'default', 'Элегантное комнатное растение, что прекрасно впишется в уютный интерьер Вашего дома, внеся в него нотку тропического шарма.', 0, '2019-11-19 09:05:20', '2019-11-29 13:31:27'),
(122, 'Schefflera gerda', 4, 50, 5, 2600, 15, 1, 0, '45', '13', 'default', 'Элегантное комнатное растение, что прекрасно впишется в уютный интерьер Вашего дома, внеся в него нотку тропического шарма.', 0, '2019-11-19 09:05:20', '2019-11-29 13:31:22'),
(123, 'Yucca', 4, 50, 5, 18300, 15, 1, 0, '130', '24', 'default', 'Элегантное комнатное растение, что прекрасно впишется в уютный интерьер Вашего дома, внеся в него нотку тропического шарма.', 0, '2019-11-19 09:05:20', '2019-11-29 13:31:07'),
(127, 'Zamioculcas zamiifolia', 4, 50, 5, 10699, 15, 1, 0, '110', '21', 'default', 'Элегантное комнатное растение, что прекрасно впишется в уютный интерьер Вашего дома, внеся в него нотку тропического шарма.', 0, '2019-11-19 09:05:20', '2019-11-29 13:31:02'),
(128, 'Zamioculcas', 4, 50, 5, 5200, 15, 1, 0, '80', '17', 'default', 'Элегантное комнатное растение, что прекрасно впишется в уютный интерьер Вашего дома, внеся в него нотку тропического шарма.', 0, '2019-11-19 09:05:20', '2019-11-29 13:30:56'),
(130, 'Zamioculcas raven', 4, 50, 5, 8400, 15, 1, 0, '100', '20', 'default', 'Элегантное комнатное растение, что прекрасно впишется в уютный интерьер Вашего дома, внеся в него нотку тропического шарма.', 0, '2019-11-19 09:05:20', '2019-11-29 13:30:52'),
(132, 'Terrero', 9, 51, 5, 26400, 20, 0, 0, '0', '0', 'default', 'Горшок/вазон в форме натурального камня для дома и дачи. Текстурированная поверхность выполнена с высочайшей точностью и вниманием к деталям.', 0, '2019-11-19 09:05:20', '2019-11-29 13:38:02'),
(133, 'Abbot vase round brown', 9, 51, 5, 35800, 20, 0, 0, '0', '0', 'default', 'Горшок/вазон в форме натурального камня для дома и дачи. Текстурированная поверхность выполнена с высочайшей точностью и вниманием к деталям.', 0, '2019-11-19 09:05:21', '2019-11-29 13:37:58'),
(134, 'Aglaonema crete', 9, 51, 5, 4200, 20, 0, 0, '0', '0', 'default', 'Горшок/вазон в форме натурального камня для дома и дачи. Текстурированная поверхность выполнена с высочайшей точностью и вниманием к деталям.', 0, '2019-11-19 09:05:21', '2019-11-29 13:37:54'),
(135, 'Aglaonema luxe', 9, 51, 5, 4300, 20, 0, 0, '0', '0', 'default', 'Горшок/вазон в форме натурального камня для дома и дачи. Текстурированная поверхность выполнена с высочайшей точностью и вниманием к деталям.', 0, '2019-11-19 09:05:21', '2019-11-29 13:37:43'),
(136, 'Ambre box golden', 9, 51, 5, 5600, 20, 0, 0, '0', '0', 'default', 'Горшок/вазон в форме натурального камня для дома и дачи. Текстурированная поверхность выполнена с высочайшей точностью и вниманием к деталям.', 0, '2019-11-19 09:05:21', '2019-11-29 13:37:39'),
(137, 'Anna lantern gold', 9, 51, 5, 20700, 20, 0, 0, '0', '0', 'default', 'Горшок/вазон в форме натурального камня для дома и дачи. Текстурированная поверхность выполнена с высочайшей точностью и вниманием к деталям.', 0, '2019-11-19 09:05:21', '2019-11-29 13:37:36'),
(138, 'Antica pot square beige', 9, 51, 5, 4300, 20, 0, 0, '0', '0', 'default', 'Горшок/вазон в форме натурального камня для дома и дачи. Текстурированная поверхность выполнена с высочайшей точностью и вниманием к деталям.', 0, '2019-11-19 09:05:21', '2019-11-29 13:37:32'),
(139, 'Antica pot square beige', 9, 51, 5, 8600, 20, 0, 0, '0', '0', 'default', 'Горшок/вазон в форме натурального камня для дома и дачи. Текстурированная поверхность выполнена с высочайшей точностью и вниманием к деталям.', 0, '2019-11-19 09:05:21', '2019-11-29 13:37:27'),
(140, 'Antica pot square grey', 9, 51, 5, 2400, 20, 0, 1, '0', '0', 'default', 'Горшок/вазон в форме натурального камня для дома и дачи. Текстурированная поверхность выполнена с высочайшей точностью и вниманием к деталям.', 0, '2019-11-19 09:05:21', '2019-11-29 13:37:03'),
(141, 'Apple green', 9, 51, 5, 11600, 20, 0, 1, '0', '0', 'default', 'Горшок/вазон в форме натурального камня для дома и дачи. Текстурированная поверхность выполнена с высочайшей точностью и вниманием к деталям.', 0, '2019-11-19 09:05:21', '2019-11-29 13:36:59'),
(142, 'Apple Wood Hearthwick Ellipse Candle', 9, 51, 5, 11200, 20, 0, 1, '0', '0', 'default', 'Горшок/вазон в форме натурального камня для дома и дачи. Текстурированная поверхность выполнена с высочайшей точностью и вниманием к деталям.', 0, '2019-11-19 09:05:21', '2019-11-29 13:36:55'),
(143, 'Apple wood large candle', 9, 51, 5, 10300, 20, 0, 1, '0', '0', 'default', 'Горшок/вазон в форме натурального камня для дома и дачи. Текстурированная поверхность выполнена с высочайшей точностью и вниманием к деталям.', 0, '2019-11-19 09:05:21', '2019-11-29 13:36:51'),
(144, 'Ariadne bowl round grey', 9, 51, 5, 6100, 20, 0, 1, '0', '0', 'default', 'Горшок/вазон в форме натурального камня для дома и дачи. Текстурированная поверхность выполнена с высочайшей точностью и вниманием к деталям.', 0, '2019-11-19 09:05:21', '2019-11-29 13:36:46'),
(145, 'Ariadne pot oval off white', 9, 51, 5, 4200, 20, 0, 1, '0', '0', 'default', 'Горшок/вазон в форме натурального камня для дома и дачи. Текстурированная поверхность выполнена с высочайшей точностью и вниманием к деталям.', 0, '2019-11-19 09:05:21', '2019-11-29 13:36:28'),
(146, 'Ariadne pot round grey', 9, 51, 5, 4800, 20, 0, 1, '0', '0', 'default', 'Горшок/вазон в форме натурального камня для дома и дачи. Текстурированная поверхность выполнена с высочайшей точностью и вниманием к деталям.', 0, '2019-11-19 09:05:21', '2019-11-29 13:36:32'),
(147, 'Ariadne vase grey', 9, 51, 5, 6500, 20, 0, 1, '0', '0', 'default', 'Горшок/вазон в форме натурального камня для дома и дачи. Текстурированная поверхность выполнена с высочайшей точностью и вниманием к деталям.', 0, '2019-11-19 09:05:21', '2019-11-29 13:36:15'),
(148, 'Artisan ellipse candle', 9, 51, 5, 12400, 20, 0, 1, '0', '0', 'default', 'Горшок/вазон в форме натурального камня для дома и дачи. Текстурированная поверхность выполнена с высочайшей точностью и вниманием к деталям.', 0, '2019-11-19 09:05:21', '2019-11-29 13:36:11'),
(149, 'Artisan ebony woods medium candle', 9, 51, 5, 7900, 20, 0, 1, '0', '0', 'default', 'Горшок/вазон в форме натурального камня для дома и дачи. Текстурированная поверхность выполнена с высочайшей точностью и вниманием к деталям.', 0, '2019-11-19 09:05:21', '2019-11-29 13:36:07'),
(150, 'Artisan ebony toods tin', 9, 51, 5, 7000, 20, 1, 0, '0', '0', 'default', 'Горшок/вазон в форме натурального камня для дома и дачи. Текстурированная поверхность выполнена с высочайшей точностью и вниманием к деталям.', 0, '2019-11-19 09:05:21', '2019-11-29 13:35:53'),
(151, 'Artisan honey tabac', 9, 51, 5, 12400, 20, 1, 0, '0', '0', 'default', 'Горшок/вазон в форме натурального камня для дома и дачи. Текстурированная поверхность выполнена с высочайшей точностью и вниманием к деталям.', 0, '2019-11-19 09:05:21', '2019-11-29 13:35:47'),
(152, 'Artisan honey', 9, 51, 5, 7900, 20, 1, 0, '0', '0', 'default', 'Горшок/вазон в форме натурального камня для дома и дачи. Текстурированная поверхность выполнена с высочайшей точностью и вниманием к деталям.', 0, '2019-11-19 09:05:21', '2019-11-29 13:35:42'),
(153, 'Artisan vanilla hearthwick', 9, 51, 5, 12400, 20, 1, 0, '0', '0', 'default', 'Горшок/вазон в форме натурального камня для дома и дачи. Текстурированная поверхность выполнена с высочайшей точностью и вниманием к деталям.', 0, '2019-11-19 09:05:21', '2019-11-29 13:35:38'),
(154, 'Artisan vanilla sol tin', 9, 51, 5, 7000, 20, 1, 0, '0', '0', 'default', 'Горшок/вазон в форме натурального камня для дома и дачи. Текстурированная поверхность выполнена с высочайшей точностью и вниманием к деталям.', 0, '2019-11-19 09:05:21', '2019-11-29 13:35:33'),
(155, 'The beach hearthwick ellipse candle', 9, 51, 5, 9000, 20, 1, 0, '0', '0', 'default', 'Горшок/вазон в форме натурального камня для дома и дачи. Текстурированная поверхность выполнена с высочайшей точностью и вниманием к деталям.', 0, '2019-11-19 09:05:21', '2019-11-29 13:34:22'),
(156, 'The beach large candle', 9, 51, 5, 10300, 20, 1, 0, '0', '0', 'default', 'Горшок/вазон в форме натурального камня для дома и дачи. Текстурированная поверхность выполнена с высочайшей точностью и вниманием к деталям.', 0, '2019-11-19 09:05:21', '2019-11-29 13:34:17'),
(157, 'Baby pink', 9, 51, 5, 13100, 20, 1, 0, '0', '0', 'default', 'Горшок/вазон в форме натурального камня для дома и дачи. Текстурированная поверхность выполнена с высочайшей точностью и вниманием к деталям.', 0, '2019-11-19 09:05:21', '2019-11-29 13:34:13'),
(158, 'Basket orange fuchsia yellow', 9, 51, 5, 2000, 20, 1, 0, '0', '0', 'default', 'Горшок/вазон в форме натурального камня для дома и дачи. Текстурированная поверхность выполнена с высочайшей точностью и вниманием к деталям.', 0, '2019-11-19 09:05:21', '2019-11-29 13:34:08'),
(159, 'Basket round brown', 9, 51, 5, 25000, 20, 1, 0, '0', '0', 'default', 'Горшок/вазон в форме натурального камня для дома и дачи. Текстурированная поверхность выполнена с высочайшей точностью и вниманием к деталям.', 0, '2019-11-19 09:05:21', '2019-11-29 13:34:02'),
(207, 'BOUQUET 30', 3, 20, 5, 3400, 10, 0, 0, '0', '0', 'default', 'Количество цветов в букете и упаковка могут быть изменены по Вашему желанию.', 0, '2019-11-19 09:05:21', '2019-11-29 13:30:30'),
(208, 'BOUQUET 29', 3, 27, 5, 4200, 10, 0, 0, '0', '0', 'default', 'Количество цветов в букете и упаковка могут быть изменены по Вашему желанию.', 0, '2019-11-19 09:05:21', '2019-11-29 13:30:25'),
(209, 'BOUQUET 28', 3, 24, 5, 2900, 10, 0, 0, '0', '0', 'default', 'Количество цветов в букете и упаковка могут быть изменены по Вашему желанию.', 0, '2019-11-19 09:05:21', '2019-11-29 13:30:18'),
(210, 'BOUQUET 27', 3, 22, 5, 3300, 10, 0, 0, '0', '0', 'default', 'Количество цветов в букете и упаковка могут быть изменены по Вашему желанию.', 0, '2019-11-19 09:05:21', '2019-11-29 13:30:13'),
(211, 'BOUQUET 26', 3, 17, 5, 3000, 10, 0, 0, '0', '0', 'default', 'Количество цветов в букете и упаковка могут быть изменены по Вашему желанию.', 0, '2019-11-19 09:05:21', '2019-11-29 13:30:09'),
(212, 'BOUQUET 25', 3, 18, 5, 2700, 10, 0, 0, '0', '0', 'default', 'Количество цветов в букете и упаковка могут быть изменены по Вашему желанию.', 0, '2019-11-19 09:05:21', '2019-11-29 13:29:55'),
(213, 'BOUQUET 24', 3, 18, 5, 3700, 10, 0, 0, '0', '0', 'default', 'Количество цветов в букете и упаковка могут быть изменены по Вашему желанию.', 0, '2019-11-19 09:05:21', '2019-11-29 13:29:51'),
(214, 'BOUQUET 23', 3, 22, 5, 4100, 10, 0, 0, '0', '0', 'default', 'Количество цветов в букете и упаковка могут быть изменены по Вашему желанию.', 0, '2019-11-19 09:05:21', '2019-11-29 13:29:46'),
(215, 'BOUQUET 22', 3, 18, 5, 3400, 10, 0, 0, '0', '0', 'default', 'Количество цветов в букете и упаковка могут быть изменены по Вашему желанию.', 0, '2019-11-19 09:05:21', '2019-11-29 13:29:42'),
(216, 'BOUQUET 21', 3, 18, 5, 3800, 10, 0, 0, '0', '0', 'default', 'Количество цветов в букете и упаковка могут быть изменены по Вашему желанию.', 0, '2019-11-19 09:05:21', '2019-11-29 13:29:37'),
(217, 'BOUQUET 20', 3, 22, 5, 3600, 15, 0, 1, '0', '0', 'default', 'Количество цветов в букете и упаковка могут быть изменены по Вашему желанию.', 0, '2019-11-19 09:05:21', '2019-11-29 13:29:24'),
(218, 'BOUQUET 19', 3, 15, 5, 2800, 15, 0, 1, '0', '0', 'default', 'Количество цветов в букете и упаковка могут быть изменены по Вашему желанию.', 0, '2019-11-19 09:05:21', '2019-11-29 13:29:18'),
(219, 'BOUQUET 18', 3, 24, 5, 6300, 15, 0, 1, '0', '0', 'default', 'Количество цветов в букете и упаковка могут быть изменены по Вашему желанию.', 0, '2019-11-19 09:05:21', '2019-11-29 13:29:13'),
(220, 'BOUQUET 17', 3, 17, 5, 4200, 15, 0, 1, '0', '0', 'default', 'Количество цветов в букете и упаковка могут быть изменены по Вашему желанию.', 0, '2019-11-19 09:05:21', '2019-11-29 13:29:06'),
(221, 'BOUQUET 16', 3, 21, 5, 3600, 14, 0, 1, '0', '0', 'default', 'Количество цветов в букете и упаковка могут быть изменены по Вашему желанию.', 0, '2019-11-19 09:05:21', '2019-11-29 13:29:00'),
(222, 'BOUQUET 15', 3, 18, 5, 3600, 15, 0, 1, '0', '0', 'default', 'Количество цветов в букете и упаковка могут быть изменены по Вашему желанию.', 0, '2019-11-19 09:05:21', '2019-11-29 13:28:28'),
(223, 'BOUQUET 14', 3, 18, 5, 3300, 15, 0, 1, '0', '0', 'default', 'Количество цветов в букете и упаковка могут быть изменены по Вашему желанию.', 0, '2019-11-19 09:05:21', '2019-11-29 13:28:21'),
(224, 'BOUQUET 13', 3, 18, 5, 4800, 15, 0, 1, '0', '0', 'default', 'Количество цветов в букете и упаковка могут быть изменены по Вашему желанию.', 0, '2019-11-19 09:05:21', '2019-11-29 13:28:14'),
(225, 'BOUQUET 12', 3, 18, 5, 3200, 15, 0, 1, '0', '0', 'default', 'Количество цветов в букете и упаковка могут быть изменены по Вашему желанию.', 0, '2019-11-19 09:05:21', '2019-11-29 13:28:06'),
(226, 'BOUQUET 11', 3, 18, 5, 4100, 15, 0, 1, '0', '0', 'default', 'Количество цветов в букете и упаковка могут быть изменены по Вашему желанию.', 0, '2019-11-19 09:05:21', '2019-11-29 13:27:57'),
(227, 'BOUQUET 10', 3, 22, 5, 4900, 20, 1, 0, '0', '0', 'default', 'Количество цветов в букете и упаковка могут быть изменены по Вашему желанию.', 0, '2019-11-19 09:05:21', '2019-11-29 13:27:33'),
(228, 'BOUQUET 09', 3, 21, 5, 3150, 20, 1, 0, '0', '0', 'default', 'Количество цветов в букете и упаковка могут быть изменены по Вашему желанию.', 0, '2019-11-19 09:05:21', '2019-11-29 10:54:24'),
(229, 'BOUQUET 08', 3, 20, 5, 2800, 20, 1, 0, '0', '0', 'default', 'Количество цветов в букете и упаковка могут быть изменены по Вашему желанию.', 0, '2019-11-19 09:05:21', '2019-11-29 10:54:10'),
(230, 'BOUQUET 07', 3, 29, 5, 4800, 20, 1, 0, '0', '0', 'default', 'Количество цветов в букете и упаковка могут быть изменены по Вашему желанию.', 0, '2019-11-19 09:05:21', '2019-11-29 10:54:01'),
(231, 'BOUQUET 06', 3, 19, 5, 4500, 20, 1, 0, '0', '0', 'default', 'Количество цветов в букете и упаковка могут быть изменены по Вашему желанию.', 0, '2019-11-19 09:05:21', '2019-11-29 10:53:52'),
(232, 'BOUQUET 05', 3, 15, 5, 3900, 25, 1, 0, '0', '0', 'default', 'Количество роз в букете и упаковка могут быть изменены по Вашему желанию.', 0, '2019-11-19 09:05:21', '2019-12-03 08:39:00'),
(233, 'BOUQUET 04', 3, 15, 5, 4200, 25, 1, 0, '0', '0', 'default', 'Количество роз в букете и упаковка могут быть изменены по Вашему желанию.', 0, '2019-11-19 09:05:21', '2019-12-03 08:38:44'),
(235, 'BOUQUET 03', 3, 15, 5, 3600, 25, 1, 0, '0', '0', 'default', 'Количество роз в букете и упаковка могут быть изменены по Вашему желанию.', 0, '2019-11-19 09:05:21', '2019-12-03 08:38:31'),
(236, 'BOUQUET 02', 3, 15, 5, 3200, 25, 1, 0, '0', '0', 'default', 'Количество роз в букете и упаковка могут быть изменены по Вашему желанию.', 0, '2019-11-19 09:05:21', '2019-12-03 08:38:04'),
(237, 'BOUQUET 01', 3, 15, 5, 3500, 25, 1, 0, '0', '0', 'default', 'Количество роз в букете и упаковка могут быть изменены по Вашему желанию.', 0, '2019-11-19 09:05:21', '2019-12-03 08:37:47'),
(252, 'Bellefontaine sauvignon blanc', 2, 59, 5, 9300, 20, 0, 0, '0', '0', 'default', 'Вино обладает округлым, сбалансированным вкусом с фруктово-древесными оттенками, мелкозернистыми танинами и стойким послевкусием.', 0, '2019-11-19 09:05:21', '2019-11-29 10:52:33'),
(253, 'Benromach 10 y.o. spreyside single', 2, 59, 5, 15000, 20, 0, 0, '0', '0', 'default', 'Вино обладает округлым, сбалансированным вкусом с фруктово-древесными оттенками, мелкозернистыми танинами и стойким послевкусием.', 0, '2019-11-19 09:05:21', '2019-11-29 10:52:14'),
(254, 'Beringer california classic cabarnet sauvignon', 2, 59, 5, 8500, 20, 0, 0, '0', '0', 'default', 'Вино обладает округлым, сбалансированным вкусом с фруктово-древесными оттенками, мелкозернистыми танинами и стойким послевкусием.', 0, '2019-11-19 09:05:21', '2019-11-29 10:52:05'),
(255, 'Beringer california classic chardonnay', 2, 59, 5, 7200, 20, 0, 0, '0', '0', 'default', 'Вино обладает округлым, сбалансированным вкусом с фруктово-древесными оттенками, мелкозернистыми танинами и стойким послевкусием.', 0, '2019-11-19 09:05:21', '2019-11-29 10:51:56'),
(256, 'Beringer california classic zinfandel', 2, 59, 5, 2300, 20, 0, 0, '0', '0', 'default', 'Вино обладает округлым, сбалансированным вкусом с фруктово-древесными оттенками, мелкозернистыми танинами и стойким послевкусием.', 0, '2019-11-19 09:05:21', '2019-11-29 10:51:47'),
(257, 'Boutinot la fleur solitare  cotes', 2, 59, 5, 8100, 20, 0, 0, '0', '0', 'default', 'Вино обладает округлым, сбалансированным вкусом с фруктово-древесными оттенками, мелкозернистыми танинами и стойким послевкусием.', 0, '2019-11-19 09:05:21', '2019-11-29 10:51:36'),
(258, 'Brandy torres', 2, 59, 5, 7500, 20, 0, 0, '0', '0', 'default', 'Вино обладает округлым, сбалансированным вкусом с фруктово-древесными оттенками, мелкозернистыми танинами и стойким послевкусием.', 0, '2019-11-19 09:05:21', '2019-11-29 10:50:51'),
(259, 'Burlesque white zinfandel rose', 2, 59, 5, 6300, 20, 0, 0, '0', '0', 'default', 'Вино обладает округлым, сбалансированным вкусом с фруктово-древесными оттенками, мелкозернистыми танинами и стойким послевкусием.', 0, '2019-11-19 09:05:21', '2019-11-29 10:50:36'),
(260, 'Burlesque zinfandel', 2, 59, 5, 9500, 20, 0, 0, '0', '0', 'default', 'Вино обладает округлым, сбалансированным вкусом с фруктово-древесными оттенками, мелкозернистыми танинами и стойким послевкусием.', 0, '2019-11-19 09:05:21', '2019-11-29 10:50:26'),
(261, 'Canti bianco white', 2, 59, 5, 8200, 20, 0, 0, '0', '0', 'default', 'Вино обладает округлым, сбалансированным вкусом с фруктово-древесными оттенками, мелкозернистыми танинами и стойким послевкусием.', 0, '2019-11-19 09:05:21', '2019-11-29 10:50:09'),
(262, 'Canti chardonnay medium sweet', 2, 59, 5, 7400, 20, 0, 1, '0', '0', 'default', 'Вино обладает округлым, сбалансированным вкусом с фруктово-древесными оттенками, мелкозернистыми танинами и стойким послевкусием.', 0, '2019-11-19 09:05:21', '2019-11-29 10:49:52'),
(263, 'Canti gavi  white dry', 2, 59, 5, 9100, 20, 0, 1, '0', '0', 'default', 'Вино обладает округлым, сбалансированным вкусом с фруктово-древесными оттенками, мелкозернистыми танинами и стойким послевкусием.', 0, '2019-11-19 09:05:21', '2019-11-29 10:49:41'),
(264, 'Canti pinot grigio white dry', 2, 59, 5, 7800, 20, 0, 1, '0', '0', 'default', 'Вино обладает округлым, сбалансированным вкусом с фруктово-древесными оттенками, мелкозернистыми танинами и стойким послевкусием.', 0, '2019-11-19 09:05:21', '2019-11-29 10:49:25'),
(265, 'Cape de turckheim gewurztraminer', 2, 59, 5, 6200, 20, 0, 1, '0', '0', 'default', 'Вино обладает округлым, сбалансированным вкусом с фруктово-древесными оттенками, мелкозернистыми танинами и стойким послевкусием.', 0, '2019-11-19 09:05:21', '2019-11-29 10:49:11'),
(266, 'Cape de turckheim pinot gris tradition', 2, 59, 5, 7500, 20, 0, 1, '0', '0', 'default', 'Вино обладает округлым, сбалансированным вкусом с фруктово-древесными оттенками, мелкозернистыми танинами и стойким послевкусием.', 0, '2019-11-19 09:05:21', '2019-11-29 10:49:02'),
(267, 'Cape heights  chardonnay', 2, 59, 5, 8300, 20, 1, 0, '0', '0', 'default', 'Вино обладает округлым, сбалансированным вкусом с фруктово-древесными оттенками, мелкозернистыми танинами и стойким послевкусием.', 0, '2019-11-19 09:05:21', '2019-11-29 10:48:47'),
(268, 'Cape heights cabarnet sauvignon', 2, 59, 5, 7200, 20, 0, 1, '0', '0', 'default', 'Вино обладает округлым, сбалансированным вкусом с фруктово-древесными оттенками, мелкозернистыми танинами и стойким послевкусием.', 0, '2019-11-19 09:05:21', '2019-11-29 10:48:34'),
(269, 'Cape heights merlot', 2, 59, 5, 5300, 2, 0, 1, '0', '0', 'default', 'Вино обладает округлым, сбалансированным вкусом с фруктово-древесными оттенками, мелкозернистыми танинами и стойким послевкусием.', 0, '2019-11-19 09:05:21', '2019-11-29 10:48:25'),
(270, 'Cape heights pinotage', 2, 59, 5, 3600, 200, 0, 1, '0', '0', 'default', 'Вино обладает округлым, сбалансированным вкусом с фруктово-древесными оттенками, мелкозернистыми танинами и стойким послевкусием.', 0, '2019-11-19 09:05:21', '2019-11-29 10:48:15'),
(271, 'Cape heights shiraz', 2, 59, 5, 3100, 20, 0, 1, '0', '0', 'default', 'Вино обладает округлым, сбалансированным вкусом с фруктово-древесными оттенками, мелкозернистыми танинами и стойким послевкусием.', 0, '2019-11-19 09:05:21', '2019-11-29 10:48:04'),
(272, 'Chablis laroche  white', 2, 59, 5, 3900, 20, 1, 0, '0', '0', 'default', 'Вино обладает округлым, сбалансированным вкусом с фруктово-древесными оттенками, мелкозернистыми танинами и стойким послевкусием.', 0, '2019-11-19 09:05:21', '2019-11-29 10:47:52'),
(273, 'Chateau  pay la tour bordeaux', 2, 59, 5, 4300, 20, 1, 0, '0', '0', 'default', 'Вино обладает округлым, сбалансированным вкусом с фруктово-древесными оттенками, мелкозернистыми танинами и стойким послевкусием.', 0, '2019-11-19 09:05:21', '2019-11-29 10:47:41'),
(274, 'Chateau contillac', 2, 59, 5, 3800, 20, 1, 0, '0', '0', 'default', 'Вино обладает округлым, сбалансированным вкусом с фруктово-древесными оттенками, мелкозернистыми танинами и стойким послевкусием.', 0, '2019-11-19 09:05:21', '2019-11-29 10:47:25'),
(275, 'Chateau moulin de mallet', 2, 59, 5, 4800, 19, 1, 0, '0', '0', 'default', 'Вино обладает округлым, сбалансированным вкусом с фруктово-древесными оттенками, мелкозернистыми танинами и стойким послевкусием.', 0, '2019-11-19 09:05:21', '2019-11-29 10:47:14'),
(276, 'Chateau piochet', 2, 59, 5, 5200, 20, 1, 0, '0', '0', 'default', 'Вино обладает округлым, сбалансированным вкусом с фруктово-древесными оттенками, мелкозернистыми танинами и стойким послевкусием.', 0, '2019-11-19 09:05:21', '2019-11-29 10:47:04'),
(277, 'Chateau reysson haut medoc', 2, 59, 5, 7200, 20, 1, 0, '0', '0', 'default', 'Вино обладает округлым, сбалансированным вкусом с фруктово-древесными оттенками, мелкозернистыми танинами и стойким послевкусием.', 0, '2019-11-19 09:05:21', '2019-11-29 10:46:54'),
(278, 'Chateau roumieu sautemes  white semi sweet', 2, 59, 5, 7000, 20, 1, 0, '0', '0', 'default', 'Вино обладает округлым, сбалансированным вкусом с фруктово-древесными оттенками, мелкозернистыми танинами и стойким послевкусием.', 0, '2019-11-19 09:05:21', '2019-11-29 10:46:29'),
(279, 'Chianti  riserva red dry', 2, 59, 5, 6000, 20, 1, 0, '0', '0', 'default', 'Вино обладает округлым, сбалансированным вкусом с фруктово-древесными оттенками, мелкозернистыми танинами и стойким послевкусием.', 0, '2019-11-19 09:05:21', '2019-11-29 10:46:16'),
(280, 'Chiarlui lambrusso bianco', 2, 59, 5, 5000, 20, 1, 0, '0', '0', 'default', 'Вино обладает округлым, сбалансированным вкусом с фруктово-древесными оттенками, мелкозернистыми танинами и стойким послевкусием.', 0, '2019-11-19 09:05:21', '2019-11-29 10:46:04'),
(281, 'Cloud factory sauvignon', 2, 59, 5, 6000, 20, 1, 0, '0', '0', 'wine', 'Вино обладает округлым, сбалансированным вкусом с фруктово-древесными оттенками, мелкозернистыми танинами и стойким послевкусием.', 0, '2019-11-19 09:05:21', '2019-11-29 10:45:44'),
(282, 'Cloudy bay pinot noir', 4, 50, 5, 5900, 15, 1, 0, '0', '0', 'default', 'Элегантное комнатное растение, что прекрасно впишется в уютный интерьер Вашего дома, внеся в него нотку тропического шарма.', 0, '2019-11-19 09:05:21', '2019-11-29 10:45:20');

-- --------------------------------------------------------

--
-- Структура таблицы `item_images`
--

CREATE TABLE `item_images` (
  `id` bigint(20) UNSIGNED NOT NULL,
  `item_id` bigint(20) UNSIGNED DEFAULT NULL,
  `image_id` bigint(20) UNSIGNED DEFAULT NULL,
  `created_at` timestamp NULL DEFAULT NULL,
  `updated_at` timestamp NULL DEFAULT NULL
) ENGINE=InnoDB DEFAULT CHARSET=utf8mb4 COLLATE=utf8mb4_unicode_ci;

--
-- Дамп данных таблицы `item_images`
--

INSERT INTO `item_images` (`id`, `item_id`, `image_id`, `created_at`, `updated_at`) VALUES
(23, 236, 139, NULL, NULL),
(24, 237, 140, NULL, NULL),
(26, 235, 142, NULL, NULL),
(27, 233, 143, NULL, NULL),
(28, 232, 144, NULL, NULL),
(29, 231, 145, NULL, NULL),
(30, 230, 146, NULL, NULL),
(31, 229, 147, NULL, NULL),
(32, 228, 148, NULL, NULL),
(33, 227, 149, NULL, NULL),
(34, 226, 150, NULL, NULL),
(35, 225, 151, NULL, NULL),
(36, 224, 152, NULL, NULL),
(37, 223, 153, NULL, NULL),
(38, 222, 154, NULL, NULL),
(39, 221, 155, NULL, NULL),
(40, 220, 156, NULL, NULL),
(41, 219, 157, NULL, NULL),
(42, 218, 158, NULL, NULL),
(43, 217, 159, NULL, NULL),
(44, 216, 160, NULL, NULL),
(45, 215, 163, NULL, NULL),
(46, 214, 164, NULL, NULL),
(47, 213, 165, NULL, NULL),
(48, 212, 166, NULL, NULL),
(49, 211, 167, NULL, NULL),
(50, 210, 168, NULL, NULL),
(51, 209, 169, NULL, NULL),
(53, 207, 171, NULL, NULL),
(54, 208, 173, NULL, NULL),
(56, 130, 176, NULL, NULL),
(57, 128, 177, NULL, NULL),
(58, 127, 178, NULL, NULL),
(59, 123, 179, NULL, NULL),
(60, 122, 180, NULL, NULL),
(61, 121, 181, NULL, NULL),
(62, 120, 182, NULL, NULL),
(63, 119, 183, NULL, NULL),
(64, 118, 184, NULL, NULL),
(65, 117, 185, NULL, NULL),
(67, 115, 187, NULL, NULL),
(68, 114, 188, NULL, NULL),
(69, 113, 189, NULL, NULL),
(70, 112, 190, NULL, NULL),
(71, 111, 191, NULL, NULL),
(72, 110, 192, NULL, NULL),
(73, 109, 193, NULL, NULL),
(74, 108, 195, NULL, NULL),
(75, 116, 196, NULL, NULL),
(76, 107, 197, NULL, NULL),
(77, 106, 198, NULL, NULL),
(78, 105, 199, NULL, NULL),
(79, 104, 200, NULL, NULL),
(80, 103, 201, NULL, NULL),
(81, 102, 202, NULL, NULL),
(82, 101, 203, NULL, NULL),
(83, 100, 204, NULL, NULL),
(84, 99, 205, NULL, NULL),
(86, 159, 207, NULL, NULL),
(87, 158, 208, NULL, NULL),
(88, 157, 209, NULL, NULL),
(89, 156, 210, NULL, NULL),
(90, 155, 211, NULL, NULL),
(92, 153, 213, NULL, NULL),
(93, 152, 214, NULL, NULL),
(94, 151, 215, NULL, NULL),
(95, 150, 216, NULL, NULL),
(96, 154, 217, NULL, NULL),
(97, 149, 218, NULL, NULL),
(98, 148, 219, NULL, NULL),
(99, 147, 220, NULL, NULL),
(100, 146, 221, NULL, NULL),
(101, 145, 222, NULL, NULL),
(102, 144, 223, NULL, NULL),
(103, 143, 224, NULL, NULL),
(104, 142, 225, NULL, NULL),
(105, 141, 226, NULL, NULL),
(106, 140, 228, NULL, NULL),
(107, 139, 229, NULL, NULL),
(108, 138, 230, NULL, NULL),
(109, 137, 231, NULL, NULL),
(110, 136, 233, NULL, NULL),
(111, 135, 234, NULL, NULL),
(112, 134, 235, NULL, NULL),
(113, 133, 236, NULL, NULL),
(114, 132, 237, NULL, NULL),
(115, 281, 238, NULL, NULL),
(116, 280, 239, NULL, NULL),
(117, 279, 240, NULL, NULL),
(118, 278, 241, NULL, NULL),
(119, 277, 242, NULL, NULL),
(120, 276, 243, NULL, NULL),
(121, 275, 244, NULL, NULL),
(122, 274, 245, NULL, NULL),
(123, 273, 246, NULL, NULL),
(124, 272, 247, NULL, NULL),
(125, 271, 248, NULL, NULL),
(126, 270, 249, NULL, NULL),
(127, 269, 250, NULL, NULL),
(128, 268, 251, NULL, NULL),
(129, 267, 252, NULL, NULL),
(130, 266, 253, NULL, NULL),
(131, 265, 254, NULL, NULL),
(132, 264, 255, NULL, NULL),
(133, 263, 256, NULL, NULL),
(134, 262, 257, NULL, NULL),
(135, 261, 258, NULL, NULL),
(136, 260, 259, NULL, NULL),
(137, 259, 260, NULL, NULL),
(138, 258, 261, NULL, NULL),
(139, 257, 262, NULL, NULL),
(140, 256, 263, NULL, NULL),
(141, 255, 264, NULL, NULL),
(142, 254, 265, NULL, NULL),
(143, 253, 266, NULL, NULL),
(144, 252, 267, NULL, NULL);

-- --------------------------------------------------------

--
-- Структура таблицы `migrations`
--

CREATE TABLE `migrations` (
  `id` int(10) UNSIGNED NOT NULL,
  `migration` varchar(255) COLLATE utf8mb4_unicode_ci NOT NULL,
  `batch` int(11) NOT NULL
) ENGINE=InnoDB DEFAULT CHARSET=utf8mb4 COLLATE=utf8mb4_unicode_ci;

--
-- Дамп данных таблицы `migrations`
--

INSERT INTO `migrations` (`id`, `migration`, `batch`) VALUES
(1, '2014_10_12_000000_create_users_table', 1),
(2, '2014_10_12_100000_create_password_resets_table', 1),
(3, '2019_05_15_171539_create_cities_table', 1),
(4, '2019_05_16_135639_create_cats_table', 1),
(5, '2019_05_17_160315_create_sub_cats_table', 1),
(6, '2019_05_17_165611_item', 1),
(8, '2019_05_18_152217_create_baskets_table', 1),
(9, '2019_05_23_160349_user_address', 1),
(10, '2019_05_24_160955_create_wine_countries_table', 1),
(11, '2019_05_24_161044_create_wine_manufacturers_table', 1),
(12, '2019_05_24_161053_create_wine_classes_table', 1),
(13, '2019_05_24_170635_create_item_details_table', 1),
(14, '2019_05_31_131029_create_wine_details_table', 2),
(15, '2019_06_18_152217_create_baskets_table', 3),
(20, '2019_08_19_020616_create_f_a_q_s_table', 4),
(21, '2019_08_19_020923_create_infos_table', 5),
(24, '2019_08_07_125401_create_chats_table', 6),
(26, '2019_08_23_144933_create_shippings_table', 8),
(27, '2019_08_23_145615_create_contacts_table', 8),
(33, '2019_08_23_174739_create_order_products_table', 10),
(35, '2019_07_31_163950_create_admins_table', 11),
(36, '2019_06_19_012339_create_roles_table', 12),
(37, '2019_09_24_170300_create_images_table', 13),
(38, '2019_10_18_151019_create_item_images_table', 13),
(42, '2019_06_17_121110_create_orders_table', 14),
(43, '2019_09_30_172957_create_order_details_table', 14),
(44, '2019_10_25_135026_create_payment_logs_table', 15);

-- --------------------------------------------------------

--
-- Структура таблицы `orders`
--

CREATE TABLE `orders` (
  `id` bigint(20) UNSIGNED NOT NULL,
  `user_id` bigint(20) UNSIGNED DEFAULT NULL,
  `total` int(11) NOT NULL,
  `bonusUser` int(11) NOT NULL DEFAULT '0',
  `bonusPrice` int(11) NOT NULL DEFAULT '0',
  `payType` enum('cash','card') COLLATE utf8mb4_unicode_ci NOT NULL,
  `shipping_id` bigint(20) UNSIGNED NOT NULL,
  `orderDate` date NOT NULL,
  `status` enum('declined','waiting','accepted') COLLATE utf8mb4_unicode_ci NOT NULL,
  `created_at` timestamp NULL DEFAULT NULL,
  `updated_at` timestamp NULL DEFAULT NULL
) ENGINE=InnoDB DEFAULT CHARSET=utf8mb4 COLLATE=utf8mb4_unicode_ci;

--
-- Дамп данных таблицы `orders`
--

INSERT INTO `orders` (`id`, `user_id`, `total`, `bonusUser`, `bonusPrice`, `payType`, `shipping_id`, `orderDate`, `status`, `created_at`, `updated_at`) VALUES
(1, 1, 7700, 0, 0, 'cash', 4, '2020-02-14', 'waiting', '2020-02-04 05:29:00', '2020-02-04 05:29:00'),
(2, 1, 6700, 0, 1000, 'cash', 5, '2020-02-22', 'waiting', '2020-02-04 06:43:05', '2020-02-04 06:43:05'),
(3, 1, 11200, 0, 0, 'cash', 4, '2020-02-14', 'waiting', '2020-02-04 06:44:36', '2020-02-04 06:44:36'),
(4, 1, 4100, 0, 0, 'cash', 4, '2020-02-29', 'waiting', '2020-02-04 06:45:41', '2020-02-04 06:45:41'),
(5, 1, 7700, 0, 0, 'cash', 5, '2020-02-21', 'waiting', '2020-02-04 06:48:02', '2020-02-04 06:48:02'),
(6, 58, 3400, 0, 0, 'cash', 4, '2020-03-07', 'waiting', '2020-03-05 05:46:20', '2020-03-05 05:46:20');

-- --------------------------------------------------------

--
-- Структура таблицы `order_details`
--

CREATE TABLE `order_details` (
  `id` bigint(20) UNSIGNED NOT NULL,
  `order_id` bigint(20) UNSIGNED NOT NULL,
  `name` varchar(255) COLLATE utf8mb4_unicode_ci NOT NULL,
  `surname` varchar(255) COLLATE utf8mb4_unicode_ci DEFAULT NULL,
  `phone` varchar(255) COLLATE utf8mb4_unicode_ci NOT NULL,
  `email` varchar(255) COLLATE utf8mb4_unicode_ci DEFAULT NULL,
  `city_id` bigint(20) UNSIGNED NOT NULL,
  `street` varchar(255) COLLATE utf8mb4_unicode_ci DEFAULT NULL,
  `house` varchar(255) COLLATE utf8mb4_unicode_ci DEFAULT NULL,
  `entrance` varchar(255) COLLATE utf8mb4_unicode_ci DEFAULT NULL,
  `floor` varchar(255) COLLATE utf8mb4_unicode_ci DEFAULT NULL,
  `building` varchar(255) COLLATE utf8mb4_unicode_ci DEFAULT NULL,
  `flat_number` varchar(255) COLLATE utf8mb4_unicode_ci DEFAULT NULL,
  `code` varchar(255) COLLATE utf8mb4_unicode_ci DEFAULT NULL,
  `created_at` timestamp NULL DEFAULT NULL,
  `updated_at` timestamp NULL DEFAULT NULL
) ENGINE=InnoDB DEFAULT CHARSET=utf8mb4 COLLATE=utf8mb4_unicode_ci;

--
-- Дамп данных таблицы `order_details`
--

INSERT INTO `order_details` (`id`, `order_id`, `name`, `surname`, `phone`, `email`, `city_id`, `street`, `house`, `entrance`, `floor`, `building`, `flat_number`, `code`, `created_at`, `updated_at`) VALUES
(1, 1, 'Madiyar', NULL, '7027124813', 'madiar3030@gmail.com', 5, '2d', '3', '21', '34', '1', NULL, '4', '2020-02-04 05:29:00', '2020-02-04 05:29:00'),
(2, 2, 'Madiyar', NULL, '7027124813', 'madiar3030@gmail.com', 5, '2d', '3', '21', '34', '1', NULL, '4', '2020-02-04 06:43:05', '2020-02-04 06:43:05'),
(3, 3, 'Madiyar', NULL, '7027124813', 'madiar3030@gmail.com', 5, '2d', '3', '21', '34', '1', NULL, '4', '2020-02-04 06:44:36', '2020-02-04 06:44:36'),
(4, 4, 'Madiyar', NULL, '7027124813', 'madiar3030@gmail.com', 5, '2d', '3', '21', '34', '1', NULL, '4', '2020-02-04 06:45:41', '2020-02-04 06:45:41'),
(5, 5, 'Madiyar', NULL, '7027124813', 'madiar3030@gmail.com', 5, '2d', '3', '21', '34', '1', NULL, '4', '2020-02-04 06:48:02', '2020-02-04 06:48:02'),
(6, 6, 'Алмас', NULL, '87473413693', 'almasakmurza@gmail.com', 5, 'Кунаева', '83', NULL, NULL, '1', NULL, NULL, '2020-03-05 05:46:20', '2020-03-05 05:46:20');

-- --------------------------------------------------------

--
-- Структура таблицы `order_products`
--

CREATE TABLE `order_products` (
  `id` bigint(20) UNSIGNED NOT NULL,
  `order_id` bigint(20) UNSIGNED NOT NULL,
  `item_id` bigint(20) UNSIGNED NOT NULL,
  `count` int(11) NOT NULL DEFAULT '1',
  `created_at` timestamp NULL DEFAULT NULL,
  `updated_at` timestamp NULL DEFAULT NULL
) ENGINE=InnoDB DEFAULT CHARSET=utf8mb4 COLLATE=utf8mb4_unicode_ci;

--
-- Дамп данных таблицы `order_products`
--

INSERT INTO `order_products` (`id`, `order_id`, `item_id`, `count`, `created_at`, `updated_at`) VALUES
(1, 1, 226, 1, NULL, NULL),
(2, 1, 235, 1, NULL, NULL),
(3, 2, 226, 1, NULL, NULL),
(4, 2, 235, 1, NULL, NULL),
(5, 3, 226, 1, NULL, NULL),
(6, 3, 235, 1, NULL, NULL),
(7, 3, 237, 1, NULL, NULL),
(8, 4, 226, 1, NULL, NULL),
(9, 5, 226, 1, NULL, NULL),
(10, 5, 235, 1, NULL, NULL),
(11, 6, 215, 1, NULL, NULL);

-- --------------------------------------------------------

--
-- Структура таблицы `password_resets`
--

CREATE TABLE `password_resets` (
  `phone` varchar(255) COLLATE utf8mb4_unicode_ci NOT NULL,
  `token` varchar(255) COLLATE utf8mb4_unicode_ci NOT NULL,
  `created_at` timestamp NULL DEFAULT NULL
) ENGINE=InnoDB DEFAULT CHARSET=utf8mb4 COLLATE=utf8mb4_unicode_ci;

-- --------------------------------------------------------

--
-- Структура таблицы `payment_logs`
--

CREATE TABLE `payment_logs` (
  `id` bigint(20) UNSIGNED NOT NULL,
  `user_id` bigint(20) UNSIGNED NOT NULL,
  `order_id` bigint(20) UNSIGNED NOT NULL,
  `local_order_id` bigint(20) UNSIGNED NOT NULL,
  `amount` int(11) NOT NULL,
  `status` varchar(255) COLLATE utf8mb4_unicode_ci NOT NULL,
  `session_id` varchar(255) COLLATE utf8mb4_unicode_ci NOT NULL,
  `description` varchar(1000) COLLATE utf8mb4_unicode_ci DEFAULT NULL,
  `created_at` timestamp NULL DEFAULT NULL,
  `updated_at` timestamp NULL DEFAULT NULL
) ENGINE=InnoDB DEFAULT CHARSET=utf8mb4 COLLATE=utf8mb4_unicode_ci;

--
-- Дамп данных таблицы `payment_logs`
--

INSERT INTO `payment_logs` (`id`, `user_id`, `order_id`, `local_order_id`, `amount`, `status`, `session_id`, `description`, `created_at`, `updated_at`) VALUES
(1, 1, 11342, 0, 1000, 'CREATED', '4D4331616D7851490D9993BF3E2BDA7B', 'Оплата покупки', '2019-10-25 11:02:32', '2019-10-25 11:02:32'),
(2, 1, 11343, 0, 1000, 'Failed', 'DA96B831CC4753A97D6ECE824A34C194', 'Оплата покупки', '2019-10-25 11:06:26', '2019-10-25 11:09:41'),
(3, 1, 11344, 0, 1000, 'ON-PAYMENT', 'C5A2CE44C93D079031C9647E2BB10411', 'Оплата покупки', '2019-10-25 11:10:50', '2019-10-25 11:12:45'),
(4, 1, 11345, 74, 1000, 'ON-PAYMENT', '4A7753303EDA1EB0DDB96830A0F87DCF', 'Оплата покупки', '2019-10-25 11:25:17', '2019-10-25 11:25:35'),
(5, 1, 11349, 85, 379640, 'CREATED', '0D03D9EEF3B7042A4C0F5A8180522473', 'Оплата покупки', '2019-10-25 11:41:56', '2019-10-25 11:41:56'),
(6, 17, 11350, 86, 1920000, 'ON-PAYMENT', '334312EA4E9BD7D5E677483F407C0F7C', 'Оплата покупки', '2019-10-25 11:42:42', '2019-10-25 11:43:26'),
(7, 17, 11351, 87, 1920000, 'ON-PAYMENT', '0D7A3AA6555BFEA0F966B2CEB55C5CF5', 'Оплата покупки', '2019-10-25 12:24:27', '2019-10-25 12:25:16'),
(8, 17, 11352, 89, 1920000, 'CREATED', '005352AF82583FAFBC3FE00116496FC1', 'Оплата покупки', '2019-10-25 12:28:14', '2019-10-25 12:28:14'),
(9, 17, 11353, 90, 1920000, 'CREATED', '70BC5FA1BD3B0AB5529D3C98B5B5241E', 'Оплата покупки', '2019-10-25 12:30:49', '2019-10-25 12:30:49'),
(10, 17, 11354, 91, 1920000, 'ON-PAYMENT', 'FC0FDDE62FD812DEFE9601BAE4EA26C3', 'Оплата покупки', '2019-10-25 12:33:24', '2019-10-25 12:35:42'),
(11, 1, 11355, 93, 379640, 'CREATED', '37A6CCB85F90A6743D0F1DB9FA9E87D2', 'Оплата покупки', '2019-10-25 12:33:39', '2019-10-25 12:33:39'),
(12, 1, 11356, 95, 379640, 'CREATED', '7E1DC48743E67F4F7D9C350BEE24DFB9', 'Оплата покупки', '2019-10-25 12:35:41', '2019-10-25 12:35:41'),
(13, 17, 11357, 96, 1920000, 'ON-PAYMENT', '352CD120E8D4FC7B09D383AD696E17D7', 'Оплата покупки', '2019-10-25 12:36:26', '2019-10-25 12:36:46'),
(14, 17, 11358, 98, 1920000, 'ON-PAYMENT', 'A3D28E32E4498FFB1CD075ADE6262AB9', 'Оплата покупки', '2019-10-25 12:38:15', '2019-10-25 12:38:37'),
(15, 17, 11359, 99, 1920000, 'ON-PAYMENT', '2057688D6EB3C5ABDCCC9AAAD61F148B', 'Оплата покупки', '2019-10-25 12:39:36', '2019-10-25 12:40:08'),
(16, 1, 11360, 100, 399620, 'CREATED', 'E8AAB88C4FB1CDC1D0E7043B05649A1E', 'Оплата покупки', '2019-10-25 12:40:57', '2019-10-25 12:40:57'),
(17, 1, 11361, 102, 39960, 'CREATED', '13AD44C948633FACF8C9E93967F22001', 'Оплата покупки', '2019-10-25 12:47:44', '2019-10-25 12:47:44'),
(18, 1, 11362, 107, 19980, 'CREATED', '364329673032474778CB1B8CD3375C06', 'Оплата покупки', '2019-10-25 12:50:09', '2019-10-25 12:50:09'),
(19, 1, 11363, 109, 19980, 'CREATED', '2EF97E6946ACCC55282700182A9ED3A8', 'Оплата покупки', '2019-10-25 12:53:37', '2019-10-25 12:53:37'),
(20, 1, 11364, 113, 39960, 'CREATED', '88F89910675BA4EB990C7F076600F414', 'Оплата покупки', '2019-10-25 13:06:16', '2019-10-25 13:06:16'),
(21, 1, 11365, 114, 19980, 'CREATED', '6138DC5B75C77DF312FA84A93068C91A', 'Оплата покупки', '2019-10-25 13:14:25', '2019-10-25 13:14:25'),
(22, 1, 11366, 115, 19980, 'CREATED', '6637C707FAE3D394E083E59FBA21AA7A', 'Оплата покупки', '2019-10-25 13:16:30', '2019-10-25 13:16:30'),
(23, 1, 11367, 117, 19980, 'CREATED', '766788709905D2922FB02EBB8D8786B0', 'Оплата покупки', '2019-10-25 13:17:22', '2019-10-25 13:17:22'),
(24, 1, 11368, 118, 19980, 'CREATED', '92AB6D8C5FAA6B6B8B61A16203A96394', 'Оплата покупки', '2019-10-25 13:18:44', '2019-10-25 13:18:44'),
(25, 1, 11369, 119, 19980, 'CREATED', 'A90199FA2960A03425D16B082E5B5D0D', 'Оплата покупки', '2019-10-25 13:19:29', '2019-10-25 13:19:29'),
(26, 1, 11370, 120, 19980, 'CREATED', 'EA59F3049D26D2361300862DA7E019C6', 'Оплата покупки', '2019-10-25 13:21:00', '2019-10-25 13:21:00'),
(27, 1, 11371, 121, 19980, 'CREATED', '7ED615EE4D438161297FACD6D64BDDBF', 'Оплата покупки', '2019-10-25 14:00:20', '2019-10-25 14:00:20'),
(28, 1, 11372, 122, 19980, 'CREATED', 'D00AF27594119301F9D676DDB621710E', 'Оплата покупки', '2019-10-25 14:13:58', '2019-10-25 14:13:58'),
(29, 1, 11373, 123, 19980, 'CREATED', '580B1C0A86D2194E9DBB68647F4AC1FD', 'Оплата покупки', '2019-10-25 14:15:19', '2019-10-25 14:15:19'),
(30, 1, 11374, 124, 19980, 'CREATED', 'BFFA72150530D17AAD45B1826A8F1C2E', 'Оплата покупки', '2019-10-25 14:17:37', '2019-10-25 14:17:37'),
(31, 1, 11375, 125, 19990, 'ON-PAYMENT', '034374754E61E18BD4FA7B15BDC76EC5', 'Оплата покупки', '2019-10-25 14:18:20', '2019-10-25 14:20:35'),
(32, 21, 11377, 126, 42500, 'CREATED', 'A30E7F2EE9BA27829B8C53EFFDE888F5', 'Оплата покупки', '2019-10-26 12:27:08', '2019-10-26 12:27:08'),
(33, 21, 11378, 127, 42500, 'CREATED', '7921A0A9A0B6FB1F5FEE002AD096AC07', 'Оплата покупки', '2019-10-26 12:27:09', '2019-10-26 12:27:09'),
(34, 21, 11379, 128, 110990, 'ON-PAYMENT', 'E838BF541783E3DCE3C86C8B502A88C9', 'Оплата покупки', '2019-10-26 12:45:43', '2019-10-26 12:47:03'),
(35, 21, 11380, 141, 19990, 'CREATED', '68D6B53ECF99A5D76DE8D5B711A8D5E0', 'Оплата покупки', '2019-10-26 12:47:45', '2019-10-26 12:47:45'),
(36, 21, 11381, 146, 19990, 'CREATED', '68DCA5175D59CC0041757536E96F953F', 'Оплата покупки', '2019-10-26 13:19:43', '2019-10-26 13:19:43'),
(37, 21, 11382, 147, 50000, 'CREATED', '8855C530D2B6DB314E131134C90823A5', 'Оплата покупки', '2019-10-26 13:22:47', '2019-10-26 13:22:47');

-- --------------------------------------------------------

--
-- Структура таблицы `roles`
--

CREATE TABLE `roles` (
  `id` bigint(20) UNSIGNED NOT NULL,
  `title` varchar(255) COLLATE utf8mb4_unicode_ci NOT NULL,
  `orders` int(11) NOT NULL DEFAULT '1',
  `users` int(11) NOT NULL DEFAULT '1',
  `chats` int(11) NOT NULL DEFAULT '1',
  `categories` int(11) NOT NULL DEFAULT '1',
  `items` int(11) NOT NULL DEFAULT '1',
  `general` int(11) NOT NULL DEFAULT '1',
  `admin` int(11) NOT NULL DEFAULT '0',
  `roles` int(11) NOT NULL DEFAULT '1',
  `lists` int(11) NOT NULL DEFAULT '1',
  `created_at` timestamp NULL DEFAULT NULL,
  `updated_at` timestamp NULL DEFAULT NULL
) ENGINE=InnoDB DEFAULT CHARSET=utf8mb4 COLLATE=utf8mb4_unicode_ci;

--
-- Дамп данных таблицы `roles`
--

INSERT INTO `roles` (`id`, `title`, `orders`, `users`, `chats`, `categories`, `items`, `general`, `admin`, `roles`, `lists`, `created_at`, `updated_at`) VALUES
(1, 'Суперадмин', 8, 8, 8, 8, 8, 8, 8, 8, 8, NULL, '2019-09-06 15:06:19');

-- --------------------------------------------------------

--
-- Структура таблицы `shipping`
--

CREATE TABLE `shipping` (
  `id` bigint(20) UNSIGNED NOT NULL,
  `city_id` bigint(20) UNSIGNED NOT NULL,
  `title` varchar(255) COLLATE utf8mb4_unicode_ci NOT NULL,
  `price` int(11) NOT NULL,
  `created_at` timestamp NULL DEFAULT NULL,
  `updated_at` timestamp NULL DEFAULT NULL
) ENGINE=InnoDB DEFAULT CHARSET=utf8mb4 COLLATE=utf8mb4_unicode_ci;

--
-- Дамп данных таблицы `shipping`
--

INSERT INTO `shipping` (`id`, `city_id`, `title`, `price`, `created_at`, `updated_at`) VALUES
(4, 5, 'Самовывоз - Покупка до 5000 тенге', 0, '2019-11-27 21:07:13', '2019-11-27 21:08:21'),
(5, 5, 'Бесплатная доставка - покупка более 5000 тенге', 0, '2019-11-27 21:08:07', '2019-11-27 21:08:07');

-- --------------------------------------------------------

--
-- Структура таблицы `sub_cats`
--

CREATE TABLE `sub_cats` (
  `id` bigint(20) UNSIGNED NOT NULL,
  `cat_id` bigint(20) UNSIGNED NOT NULL,
  `hidden` tinyint(1) NOT NULL DEFAULT '0',
  `title` varchar(255) COLLATE utf8mb4_unicode_ci NOT NULL,
  `created_at` timestamp NULL DEFAULT NULL,
  `updated_at` timestamp NULL DEFAULT NULL
) ENGINE=InnoDB DEFAULT CHARSET=utf8mb4 COLLATE=utf8mb4_unicode_ci;

--
-- Дамп данных таблицы `sub_cats`
--

INSERT INTO `sub_cats` (`id`, `cat_id`, `hidden`, `title`, `created_at`, `updated_at`) VALUES
(1, 3, 1, 'Большие', NULL, '2019-09-19 16:19:14'),
(2, 3, 1, 'Красное', NULL, NULL),
(8, 4, 1, 'комнатные растения', '2019-09-04 16:09:55', '2019-09-04 16:10:04'),
(15, 3, 1, 'Роза', NULL, NULL),
(16, 3, 1, 'Кустовые розы', NULL, NULL),
(17, 3, 1, 'Ромашки', NULL, NULL),
(18, 3, 1, 'Сборные', NULL, NULL),
(19, 3, 1, 'Пионы', NULL, NULL),
(20, 3, 1, 'Тюльпаны', NULL, NULL),
(21, 3, 1, 'Гортензии', NULL, NULL),
(22, 3, 1, 'Лилии', NULL, NULL),
(23, 3, 1, 'Эустомы', NULL, NULL),
(24, 3, 1, 'Альстромерии', NULL, NULL),
(25, 3, 1, 'Ирисы', NULL, NULL),
(26, 3, 1, 'Хризантемы', NULL, NULL),
(27, 3, 1, 'Герберы', NULL, NULL),
(28, 3, 1, 'Подсолнухи', NULL, NULL),
(29, 3, 1, 'Каллы', NULL, NULL),
(30, 3, 1, 'Ранюнкулюсы', NULL, NULL),
(41, 4, 1, 'Ампельные растения', NULL, NULL),
(42, 4, 1, 'Бонсаи', NULL, NULL),
(43, 4, 1, 'Бромелиевые', NULL, NULL),
(44, 4, 1, 'Декоративно-ливстственные растения', NULL, NULL),
(45, 4, 1, 'Комнатные кактусы и суккуленты', NULL, NULL),
(46, 4, 1, 'Луковичные комнатные виды', NULL, NULL),
(47, 4, 1, 'Орхидеи', NULL, NULL),
(48, 4, 1, 'Пальмы', NULL, NULL),
(49, 4, 1, 'Плодовые комнатные растения', NULL, NULL),
(50, 4, 1, 'Цветущие комнатные растения', NULL, NULL),
(51, 9, 1, 'Кашпо', NULL, NULL),
(52, 9, 1, 'Горшки', NULL, NULL),
(53, 9, 1, 'Подсвечники', NULL, NULL),
(54, 9, 1, 'Свечи', NULL, NULL),
(55, 9, 1, 'Декор', NULL, NULL),
(56, 9, 1, 'Сухоцвет', NULL, NULL),
(57, 9, 1, 'Вазы', NULL, NULL),
(59, 2, 1, 'Красное', NULL, NULL),
(60, 2, 1, 'Игинистое', NULL, NULL),
(61, 2, 1, 'Десертное', NULL, NULL),
(62, 2, 1, 'Розовое', NULL, NULL);

-- --------------------------------------------------------

--
-- Структура таблицы `users`
--

CREATE TABLE `users` (
  `id` bigint(20) UNSIGNED NOT NULL,
  `name` varchar(255) COLLATE utf8mb4_unicode_ci DEFAULT NULL,
  `phone` varchar(255) COLLATE utf8mb4_unicode_ci DEFAULT NULL,
  `email` varchar(255) COLLATE utf8mb4_unicode_ci DEFAULT NULL,
  `birth_date` date DEFAULT NULL,
  `bonus` int(11) NOT NULL DEFAULT '0',
  `blocked` tinyint(1) NOT NULL DEFAULT '0',
  `password` varchar(255) COLLATE utf8mb4_unicode_ci NOT NULL,
  `device_token` varchar(255) COLLATE utf8mb4_unicode_ci DEFAULT NULL,
  `created_at` timestamp NULL DEFAULT NULL,
  `updated_at` timestamp NULL DEFAULT NULL
) ENGINE=InnoDB DEFAULT CHARSET=utf8mb4 COLLATE=utf8mb4_unicode_ci;

--
-- Дамп данных таблицы `users`
--

INSERT INTO `users` (`id`, `name`, `phone`, `email`, `birth_date`, `bonus`, `blocked`, `password`, `device_token`, `created_at`, `updated_at`) VALUES
(1, 'Madiyar', '7027124813', 'madiar3030@gmail.com', '1999-05-30', 1000, 0, '$2y$10$ptYkPdcsFQlENse1/p6Q.uMXUDTQPJ9.ty3oa7z/Wv.aafxK8UF8y', 'e4vMdHj7OCI:APA91bGZpMtt9nKFmJx8BPCdEi6q6CAjubqdCT4pvl6fVp8mbKg7PaYxxKd4Gg90HWDHVO32PxB4lYmC1UJ8hvhhHnM5s_NG44GYVWzd91_6J4yz-pMdooD4Gt7yU_iWAiQ63ihfbN5Z', '2019-06-17 13:40:47', '2020-02-04 05:28:23'),
(2, 'Madiyar', '7004040307', NULL, NULL, 0, 0, '$2y$10$ikHktS96Wgsulznyr0wKf.GhP3DIzhCTNURT/p6M2J0j9cyIu6CKm', NULL, '2019-06-27 16:11:11', '2019-06-27 16:11:11'),
(3, 'Madiyar', '7027124819', NULL, NULL, 0, 0, '$2y$10$jYScfxTgR3/kJAfUN35CYeqViI1DOhnvS7p6splhWxirs3kNLvkKi', NULL, '2019-06-27 16:13:24', '2019-06-27 16:13:24'),
(4, 'Referee fee', '4534534534', NULL, NULL, 0, 0, '$2y$10$D7stnuwdkuiufNz0wO6BH.LSJ8GnKvSP3BXO0hvProELCWA.ynigO', NULL, '2019-06-27 16:29:28', '2019-06-27 16:29:28'),
(5, 'Eder%20feed', '4354634346', NULL, NULL, 0, 0, '$2y$10$B.SqEj2E72WLcJr./o8Rn.SUpiHAgJWnEr8l4ArdxC.Bnr85xkQS.', NULL, '2019-06-27 16:30:18', '2019-06-27 16:30:18'),
(6, 'Ewfrwerwer', '4345345345', NULL, NULL, 0, 0, '$2y$10$P/swZwvlt6Bh/c8gaQC2JueSFYApnzUH7fEajU7fSdcTbM0vH42d6', NULL, '2019-06-27 16:32:21', '2019-06-27 16:32:21'),
(7, 'Federer%20Greg', '5345353534', NULL, NULL, 0, 0, '$2y$10$MKVBm7bDvINhSCQ2y78sUeli22yhWR2woJJeOxJsNK.ewi4YQo6uS', NULL, '2019-06-27 16:34:37', '2019-06-27 16:34:37'),
(8, 'Makkambayev', '1234567890', NULL, NULL, 0, 0, '$2y$10$T.Daa80ixoaykufGDRRQmuEsG1LMzIjG1WbRAv1KmaO/LR69KBsNu', NULL, '2019-07-01 10:29:31', '2019-07-01 10:29:31'),
(9, 'ewf', '7492380912', NULL, NULL, 0, 0, '$2y$10$nu2KzI74ULfFQIhcbdN8JuGD4enjzDV2aKSC07OKp5tQ1DKEBv03q', NULL, '2019-07-04 13:26:26', '2019-07-04 13:26:26'),
(10, 'Madiyar', '7027124812', NULL, NULL, 0, 0, '$2y$10$lFDLHh.INBxFlg8KKGdf/.ZwOgHZFVdIV7V2pUM4kwKXCmNf9aNTa', NULL, '2019-07-06 11:10:10', '2019-07-06 11:10:10'),
(11, 'Eldor%20Eldor', '7479985197', NULL, NULL, 0, 0, '$2y$10$8f9Mzjk5Wcd78B8yQhru2ezyk4HSyHVJLRJxqUtqf/RRQXF2cB/z6', NULL, '2019-07-06 12:38:08', '2019-07-06 12:38:08'),
(12, 'Eldor%20Eldo', '7479985194', NULL, NULL, 0, 0, '$2y$10$8oFezPrasM6DvFsMmNAjCu54/hE5Mi7lckUltZObqNmxTzcy/bxrq', NULL, '2019-07-06 12:38:33', '2019-07-06 12:38:33'),
(13, 'Eldor', '7073216802', NULL, NULL, 0, 0, '$2y$10$.GIo65C3FHS1VIXdJrC1r.LH7GBwjzBNX6SsZnffyY/r4nfmK/pIq', NULL, '2019-07-06 12:45:31', '2019-07-06 12:45:31'),
(14, 'Madiyar', '7071234567', NULL, NULL, 0, 0, '$2y$10$R5y.xh0B5a9yFiDnELLlBeZEl0ZItoQhzijnVQKkVAmfAoYBWizlq', NULL, '2019-07-10 11:26:36', '2019-07-10 11:26:36'),
(15, 'Madiyar', '7027124814', NULL, NULL, 0, 0, '$2y$10$sus2LA/vmBHr.Ijws8cOwuAbU54uuEFJVd1eaxEadp6V6yP/WrPZC', NULL, '2019-07-10 15:10:06', '2019-07-10 15:10:06'),
(16, 'Madiyar', '7027124815', NULL, NULL, 0, 0, '$2y$10$KsnBzXRzpriv7PrQMHvHOObnHg/q18tpu0kR6zfSfet4SvrjdVsJ2', NULL, '2019-07-10 15:17:33', '2019-07-10 15:17:33'),
(17, 'Madiyar', '7075433393', 'mukhidin.nuridinov@gmail.com', '2019-09-26', 1600, 0, '$2y$10$dikfC7yJ8CPPoI8tvuy7b./nGcH/DL1fphMV4xfzoGnhdonI5VZkK', 'e-WddxN4tSY:APA91bGNig28tiuLUjAdsWg4RiPZXktBXa3Quho_Zqya025k9Fwnxu2tIcKFR2he-IGpW98bmZ-sfgIGgHh1LVzkTYvwjxcWm-7L0woRSsK5k5Ard-vJHStHfkCuXo3C7S2uLsCTXpv0', '2019-07-10 17:04:14', '2019-11-20 12:20:41'),
(18, 'Test', '7075433394', NULL, NULL, 0, 0, '$2y$10$CS9auNZQQ8h/wNk0mfLRG.dP7ta6vUKVTFJwyx/c29H0FO5wuTjNK', NULL, '2019-07-10 17:12:57', '2019-07-10 17:12:57'),
(19, 'Madiyar', '7027124811', NULL, NULL, 0, 0, '$2y$10$hvUIiCk1cSx0TrrG6I8lF.7/tW6Nx4k0nd2pU28XuoX2xzUMTwW2K', NULL, '2019-07-20 09:43:00', '2019-07-20 09:43:00'),
(20, 'Makkambayev Eldor', '7002479901', NULL, NULL, 0, 0, '$2y$10$/4kkmuhXePWdhdZTh3DhyucjT0qjeBi5uXgvayfF1uGA4Xbvzr0G2', NULL, '2019-09-06 08:10:31', '2019-10-10 13:10:03'),
(21, 'Мейрамбек', '7785050555', NULL, NULL, 0, 0, '$2y$10$Dn3JuSp19M9y51eFl62TEOSPJhukFJrkorQjnGjWUltxns20NAiQK', 'exxsVSggIkI:APA91bHskuJypIeCBke3DW0xmXWuUrVaPiSZ01CrrDN-VzCeROJ4dLtKm_nhT4CpcRU3OdD2UcP37GFsCVBZPI5u4tbcVC47WUiTwBHOZjfMSjwBdq53FEYuL6NhcH8G6Orj-uJTZoa8', '2019-10-03 11:42:34', '2020-01-13 10:34:19'),
(22, 'Barbudos', '7024494949', NULL, NULL, 0, 0, '$2y$10$IKutItWAsd3v31VUAYZxQO2G1iINJPYwnYBXicC9sdoEXzwhR.gCi', 'fZtZKFPxnDM:APA91bEZfg2Y7SX_jRrZPFIg04KE0u4qkwec811TMzPg2zGb_l--W00u7_-DoryX6w5pDtWyP2MiARscgqjdI5LJxr6SIzpzLa5EibTdfNWpGoio5zj3FCiFlZeqL2kO-0IdirIXjTGV', '2019-10-06 18:33:12', '2020-02-10 07:33:36'),
(23, NULL, NULL, 'madiar3035@gmail.com', NULL, 0, 0, '$2y$10$VPj/f4mkYCnw.IbpwoQXAONtL02lnTPkNC/P8jueIW/gbwn5o8jj6', NULL, '2019-10-16 09:25:46', '2019-10-16 09:48:53'),
(27, 'Mukhidin', NULL, 'nur.mukhidin@gmail.com', NULL, 2500, 0, '$2y$10$uy2sl/N5QatBOyTBVvJPh.OPdEOq3bBBhGAJFY8HEXoHiICMidkIW', 'cw79wuwt6Ig:APA91bHbJgI2TSkbQar3jLOIxHklh7tqhCferN745N7z-S2lK4ptcfBZDjPrRy236CSBIZsmk-BEm-p_po9iFJPuDQ5N6-aeSWgSHRyfmveMz04hzEJZG6YJWpkuJJ-8r8bL3-TLMmez', '2019-10-16 12:47:56', '2019-10-18 15:29:05'),
(28, 'Thousand IT Company', NULL, 'thousanditcompany@gmail.com', NULL, 0, 0, '$2y$10$7FiY0rHPbiRDfp22b5.8eu7MA0Z3rPE7MihKt07nGPtrE1O1KZJba', 'feY8jLXBC7s:APA91bHanECA3fGd10KQWg17sqBcAPqfq75Qz9tcC8UqkT0HSfBc20cXb6Ivehm_0SXrUq3_Q_bPdrUjkH2qYeNesXt1brgrA6CRVgPVBOGjlYeLxBLtwNfn64eH8sMDKMLkNc-QK7_t', '2019-10-16 18:04:26', '2019-10-18 16:27:01'),
(29, 'cdscs', NULL, 'apple.eldor@gmail.com', NULL, 0, 0, '$2y$10$QFkJ0H5PSzwFPE0NlUQAz.aZV5Tqfw.HntnT0lF2SmYGqh8tTcOfi', 'fpl4YH1qzkY:APA91bE8KYmdhekbmMmg6mCDu0k0aGGZ_0i-m-bo0BkQdnS4zRurAWy1tLHKMMTo4KsFecWWzKOmrRIXbG3K-1Ao5fSd3Sey7mVHBxbDPBNixGAbk6rVL63npDHJAuacIqZo7zkJzbI0', '2019-10-17 06:47:34', '2019-12-07 09:50:57'),
(30, NULL, NULL, 'eldareltn@gmail.com', NULL, 0, 0, '$2y$10$2jiDgAQ03NyYNud4WE4tPeUbp5jl0uO2EMv6e3wRvjllyYANMLNiS', 'cl8eaIKhj2k:APA91bEZjdgLWFIiNrB5qnTrfPwuMWjU4kf2RrBgz20SxABqhAQehID3Sg-cmAtiOVPPHyapzoTzPEjGXILmU9qhkgGwrcofZYwPuCt4TXk93HSP8OZRH7SzOo9TGG8rpFmzq4Dz20SB', '2019-10-17 07:02:20', '2019-10-26 14:10:49'),
(31, NULL, NULL, 'akhmetov0555@gmail.com', NULL, 0, 0, '$2y$10$T3XN.mldCAeu.MZ.YEcTB.KNBYO1oA4MY8igp2JcZ0MXVZOoJyNA2', 'cpKu7oDo314:APA91bEiqtu8eddHshY44B1fMHZPKEcpnvyQCKFKWIoFfsrPdwld3ZhvOV2GJRVU5IkjNYWQok_dki_8aviq_0iv67bMqrm6PYusTMQ03-bYcspyWfuFgzc_PSnefFgUGboILRYM8D1f', '2019-10-18 15:58:28', '2019-10-19 10:17:44'),
(32, NULL, NULL, 'miko.2000@mail.ru', '2019-09-11', 0, 0, '$2y$10$HmHX4bSNsFWkqOJSxYmoi..3PM7iTWcIF2/TChmyUcpzseYNkanXu', 'fWQve9oPI0g:APA91bFw_bNTbVcLJQSstCOWC-5yHRDAEm9XRWST7bss2PiSjzhyUhn3EaEG84x8mQh953UDAjFq8-4kMRrDh924ZzoLctJKRldV8GpiQp8-AdCqgyAAnYXC2wWiITr8jPz-HPfqNsE5', '2019-10-18 16:54:28', '2019-11-30 14:24:13'),
(33, 'Maxambet', '7029329156', NULL, NULL, 0, 0, '$2y$10$KGIGOjGxER8R3M8z.wgJWewEjgDUGs6ZPIvDRnW3Ff7/vG9L/gtvC', 'fb4q6g-i96A:APA91bH7sacV82XHbkM2GonBwBHbiQq2oLZWVbJMWvtNVv_Z9CFXDwQZO8KqN6wmWDmkUfF9S8DNkU5rnAI1jqNeKi9ApuGnM40r5kUJMQlra05fvXu0kcuyGbHyeijEgw5nNtQSpqKL', '2019-10-22 09:02:03', '2019-10-22 09:02:41'),
(34, 'Темирлан', '7773877665', NULL, NULL, 0, 0, '$2y$10$vrs3oyBndOiCeKZUo9/ISOL6yJzJC1HbThehYHb8WXcd.KDykAkO2', 'fwndql7wfi8:APA91bGoNBZCsQmZa0llSsAlVlto-BEUI17HWovghHqh1AWHbnZcL0exJx9ur2OnXcxOVZ1O9_oZ1eNopltElqo0Sd_CVHJAtO43Yx7YKVAhvsiT72SWtwVD4bgORw5s21bseqhz6IDK', '2019-10-26 15:48:46', '2019-10-26 15:49:00'),
(35, 'El', NULL, 'elgoogclass2@gmail.com', NULL, 0, 0, '$2y$10$z68WWnIXqXtg5uCQ.FL18Ouaa1XB4XlLkqvT8BBO/9K4UET9irSBe', NULL, '2019-11-23 12:23:42', '2019-11-23 12:23:42'),
(36, NULL, NULL, 'flatron_@mail.ru', NULL, 0, 0, '$2y$10$LEC652i43Yu2mml9uKAknO0JcIRhjkzzAgrnfvpBOi.9uU7hXECGm', NULL, '2019-11-26 11:59:55', '2019-11-26 11:59:55'),
(37, NULL, NULL, 'kawakass@mail.ru', NULL, 0, 0, '$2y$10$FA5CBRE/L3dU3569cJXVk.1RoRX0K7hCU0XCHlkWcj/pNGb.5ThFy', NULL, '2019-11-26 13:11:08', '2019-11-26 13:11:08'),
(38, NULL, NULL, 'yx9uheviwg@privaterelay.appleid.com', NULL, 0, 0, '$2y$10$bRKyFDmZe8xC9OvJsn3zmedU9E3074JHCWSkw31jrQ2rJbx3uKm..', NULL, '2019-11-28 23:33:33', '2019-11-28 23:33:33'),
(39, NULL, NULL, 'muxamed9511171@gmail.com', NULL, 0, 0, '$2y$10$qBs3NSer2.vx8N/P0p47me1//0KNl8unERN2.B93pqV3cLE2eqbby', 'fMQxyvhKfzg:APA91bHD2OYWRxMCKp5JvUREyB9SV3XmScroEXHVhF2d6EzWpmKk9dfb--ULGyT4FH0ZqiC9HeU9iHTpBWEhinYQZUpES5TNuUg7scU3fjpLag_S8JaKTNMv8Xf83ZsW0FykOE-YKlhX', '2019-11-29 09:56:03', '2019-12-06 18:19:00'),
(40, 'Айбек', '7021231010', NULL, NULL, 0, 0, '$2y$10$nhpExugl70qmKiTVGV0Wauwy2kSpinqFiDgEb6l5LSqYEsOqoJ8wK', 'crDu5F_qukI:APA91bFzPObo80YTY0HQg3FBQDWrwNw7b7thKNYINBP4dqD3gAQoye7JJVZDtXvlzxtu12FL94OHS17q4v8khqUhWZybSOauVWOpqHX4RZ9rvJrP7sZ82DrJv82X_Pr7K7QH0yK3Rxvm', '2019-11-30 15:29:22', '2019-11-30 15:29:40'),
(41, NULL, NULL, 'cg_academy@mail.ru', NULL, 0, 0, '$2y$10$PmPZevNz4x.HrMHS8zdhou2jdRan5NmEYrd3avLrxl2KZvB13FlO2', 'ddCQWLtSdtw:APA91bEOC-BbIlQyDjBkbskISNFTqSYzQeOFmfCqoKhDDSvQx8hcr4srNbOB9Jwb4clKGozmnQBcBfVMCcde0CZLmL344OEizvcFKO0-RljvFVmVqc_7WV87ttJHOUlIGQJgoZ1lNPBx', '2019-12-07 12:39:57', '2020-04-01 04:59:03'),
(42, NULL, NULL, 'bf6xe6bfxy@privaterelay.appleid.com', NULL, 0, 0, '$2y$10$pUoEEh44vR1sNLLdVSETkur1KY9rPvCCoKHio7nLSOHzlM3gAJIvy', NULL, '2019-12-07 21:28:00', '2019-12-07 21:28:00'),
(43, 'Alexandra', '7018882761', NULL, NULL, 0, 0, '$2y$10$0ePphZosnAjRbBOyZFGM8OxYc0u4ZnFv7On87mGj1Jslp5a8VCOtm', 'ffLtz47u_ng:APA91bHKOB85wHRnygQRtK7nsdtWgBB0i4BwSakw6_vbLvPOZb3Sot9Moojur2WXq7jni8r2sZhb33KJnOUmWqedm73QXeClzudMRQOIPSpIZ8ZeVJUzh7jweBjVVErgakts3mXeUlYg', '2019-12-16 10:58:40', '2019-12-16 10:58:42'),
(44, 'ZILOLA', '7752555838', NULL, NULL, 0, 0, '$2y$10$61mjgfChsOtSCbxlm/mkAuiNNmIZhjoa19W6N7SpaDA8aD5rSvc3.', 'fGj9JaUqhjE:APA91bErvCVG3yB-BdUQ_9dK12nVzEc-268bel2O_quJOegYESjajCOI4LpshJ576FHmoCsBzJA6FhOOisgV_ECCkK6E7m9bTHf9ndz89V0L9YcWV5XGMYA0G2Biy2Y5wwCxd_ru1p-F', '2019-12-18 18:27:53', '2019-12-18 18:28:14'),
(45, 'Жибек', '7070089208', NULL, NULL, 0, 0, '$2y$10$nrF5HxNrRhKhkzBTDcoI5.b6syJXGyQmreKGytjPqsXSphjhS53fK', 'cGhwwPbf4EI:APA91bE6M5ee81eTMimeh1KIWvq7eniScrK2bNmhFcWU2mpgxzTXa4LDozqejdMRY5-XJwy-vxfyGxWwnrOXYue_oZnqnWw2lIEVxh-9vGkYBpWBIR7LMbmIfp1qz_jO8g1BQPv-VrEb', '2019-12-18 18:31:17', '2019-12-18 18:31:32'),
(46, 'Темерлан', '7023846354', NULL, NULL, 0, 0, '$2y$10$ECU3JBTJ80Anjwx6izbSQ.ZXqo0C5bH.O3TYDhoXDVpBksqnu059e', 'euM3C1RfDtM:APA91bHaAzB8mzfnDfg2rSOjVCywmaOefBl4uwRQipnGVNnyRqFXZEWnbDxR7JQg71fibNaoUCnxKYyS8Z8waUVZfwGqvG0k0SepDJGq8qwolHlkRFFWIKM7usxKnXxQ-QJBe5_dAYC4', '2019-12-18 19:13:37', '2019-12-18 19:13:49'),
(47, 'Айдын', '7757586990', NULL, NULL, 0, 0, '$2y$10$pRwDw4jl8aXV2tT/q5h0kOzfslPeWYAFUHbmykr1iVcHrSWIcObMy', 'f49SnQUEVHo:APA91bEtMORFqVjhfyu9XXrLbypMPqtlHBWjNnYjeZWO_VkyDwDw-kmWq_RdxOXRuRu-otAi5EVmbfo1hnpljja1bLuLQ27NcfZMNSxV4z8Pd5HBZt6sbT8GoTPK8kL65g-Q5c1frrk8', '2019-12-19 11:26:40', '2019-12-19 11:27:04'),
(48, 'Екатерина', '7017583505', NULL, NULL, 0, 0, '$2y$10$OMioyrauQQAYN3t2C7O2We7Dr2S5adFPSPia1QBdiDLx4uP8HxvHG', 'eZq3HcTP2Jk:APA91bEoOTxey9WLdrdZhIPhxaMJiu_iZekfRx1q5FFHbSECVl_rLz8hMAuuKxd3ftItxQ71FGQzNDP1TGOXvKctIaDxzJDwMCLvReujWYL9Drst0L1Tp4mAyhxMUBnMGbMjY9TEpGbD', '2019-12-25 08:42:58', '2019-12-25 08:47:23'),
(49, 'Гульдана', '7026397575', NULL, NULL, 0, 0, '$2y$10$cLarC4kZHhy1c8pI.HJ4K.AIILzX6uF5yRfCGs5hVIhAjF9BCrJmW', NULL, '2020-01-05 12:24:58', '2020-01-05 12:24:58'),
(50, 'Shyngys', '7473778099', NULL, NULL, 0, 0, '$2y$10$.W45yiWwtGDl9jIZ7O4CAuBCcgTi8h57Ghzid/3TIrXX34cnyTA7e', 'dTShKiXn3sM:APA91bFPRLpOPCSxuisqKfadNwuCc0YYgYygTwcAjDM6Qs473TSO0QyAVlVwn_ehELDL1qGdymunUqqNMZLgtXSRVYtZFlDFlDIQlac3FLDm0LqUG4UrCCv1NP66-itRdBjTYK0O_2qu', '2020-01-08 17:37:08', '2020-01-08 17:37:23'),
(51, 'Габа', '7773833339', NULL, NULL, 0, 0, '$2y$10$X5oUkVd62Klf9RZcyX654OuZYF21Vhd.Kld4qMlVp0aIT0O/eK/GC', 'eYECKo21-Fk:APA91bH9mnKdGy3AGvZqcOx1ibK3QMNMMfTv98Zu3JliTelYLPWPBG7-e1P7roAzBiZgfSNB58KMHWTeobSZZkjMVvqz3l6f6y74NSGAowq8u1n1l2P9eWjExTjTCZ-NjaYYFz-T4DKI', '2020-01-09 18:33:18', '2020-01-09 18:34:09'),
(52, 'Аружан', '7071200811', NULL, NULL, 0, 0, '$2y$10$KY4Kx1t1GLBs805AH2YzMe2s3fCjfpLdOTRLXn2HXPoRfR1ERy8xq', 'c5VXprg0rl8:APA91bEswOr3jyOq35KhlcZ2xsrNw3uiUNE0NPLWP2qojEYvcEJfZPdBBR0sPi4A7PHRgR-7GUT4ohfu8s5eWk2H6KvfZmUBzCyB7WGMLx40pB6GRCTe1wPqu5LNbKZzQ2gv3v7zu2kY', '2020-01-14 13:28:33', '2020-01-14 13:29:18'),
(53, 'Тумар Кенжеханова', NULL, 'tumarkenzhekhanova@gmail.com', NULL, 0, 0, '$2y$10$fWLVmM70BuWJnrNWHDVCz.n8AdBu6rbVQp/TKMZLJMnT.5kY4zpNq', NULL, '2020-01-15 16:18:23', '2020-01-15 16:18:23'),
(54, 'Айгерим', '7074897303', NULL, NULL, 0, 0, '$2y$10$D0YgMuaKvBn1rH66RKkFv.8fu/iOy/hMvQVVojNJNuWXMcMdq16DK', NULL, '2020-01-22 06:36:04', '2020-01-22 06:36:04'),
(55, 'Темирхан', '7084184743', NULL, NULL, 0, 0, '$2y$10$RXDRfQvTUQNzoxjxGvBe9OQ91GAu2qM6gkjx1nQan0qQ7AHmVzRme', 'eXqfs88Nn10:APA91bHXkFnPeIMdxP6nSKdd8vn0DyuMEqiwG6YBCuuJTdzZE_qT_2OiJPnTYIGEpdpON9vOm76FtmFzep6Y5FvXFTBPUdYZweOKtc0gvobrpyna4SC-h7EUH1FNr_6-GatlfeVCBRua', '2020-01-24 19:24:02', '2020-01-24 19:24:36'),
(56, 'Игорь', '7788769382', NULL, NULL, 0, 0, '$2y$10$DDndzMfSAuGkLJiv7o.pguNcU96e2r.zLjpAeoq7/9p58wPqaIZ9a', 'ePOGiQYRkj0:APA91bFXfIhQhickPAl56FDq_XkGk1UvUvoC9itTSsDYg3VlY1jC6qAN0E4ywl9c82IU54cN3mbulXyLW5dzaiLLhoxCqXhf6UFdgpJUJ6WGl-SKsJ8ktBlv9cyT2ae6JWW3qEnhYz5q', '2020-01-30 05:17:54', '2020-01-30 05:18:21'),
(57, 'Динмухамед', '7471584162', NULL, NULL, 0, 0, '$2y$10$xv.PHwflsigAiOOu97nQ9ewriZKyR68/6V7xBjYJXlWisempcGYZS', 'dnAMZgpqLMA:APA91bFaWiEONnZlt58nD56vfHwuIWuRIe-E1hOPR449Abm4p-0y55ABwDdL4eXr84FDj8XmR0SSGKYDlGXbrD2HsGq3eX8l72zcjwdwcXpiLvlgeZncvS4DVSeL9DFYbqjXJ3esWFiw', '2020-02-01 07:59:42', '2020-02-01 08:00:02'),
(58, 'Алмас', '7473413693', NULL, NULL, 0, 0, '$2y$10$aYB1F6ELMKSRMq6M8OZ73.3zwFPdoO0xTUNwgxQUbxXaUiG9jFq3S', 'e7wnfX3nVtE:APA91bFfHw0SbuFf3QM5WLFwDZM3xd95o9PRiSG0JuHpfdcXH9GlLXyYKHc1RYqwSUsJ-UjkaTaSR3w-GZC95O9PCjh8CteGP9DLv9_kfzFttTMW6_Gol9QIp6eCb4QBlQCVmKWaoxjf', '2020-02-06 09:17:47', '2020-02-06 09:17:59'),
(59, 'Людмила', '7017460290', NULL, '2020-01-14', 0, 0, '$2y$10$E.9qvtkD5h5GKy3eLWIz3.y6OeiY3bfUGN2g3FK/DYeqjL0CTpdc6', 'eG5GYGT_LlA:APA91bHioLC3pk4IfTt6dVjZWKxWezua0-yJRtg7kraIbN67aRrrlawGpL7mOUS2yq47fJCrwslNm2ZALhLboepbZik453HYnF6td1XzHXXPXRE22TCN0S1Am1S9ocvagzinF9ir1ewL', '2020-02-14 08:20:39', '2020-02-14 08:24:39'),
(60, 'Искандер', '7025162543', NULL, NULL, 0, 0, '$2y$10$pTI7rZ.4vIBsEaXPj5FGEejAfFn6B1HZBK6rQB1AIVZIyyuMCXj.O', NULL, '2020-02-15 11:27:47', '2020-02-15 11:27:47'),
(61, 'Xbzhzhs', '7474563370', NULL, NULL, 0, 0, '$2y$10$BJJSDEwtvjzsuEIorEF2Uu73HCEDiX21A507RBIFzf3psDu7R1rI.', 'fFP6yQFqX-M:APA91bGG7wZ_Q4GRvEuKuBBQXnvOU9RM9cXXaBq1PyNhD7rfnbdtNFb2s7X4scJoxZ1sz8J5_wYt-BCJobDDr7xQ3yfq5DQmmOc12Dvg6rSli7QSKmbZuZ10TfuQXiJuEIczLHr1a719', '2020-02-17 15:54:26', '2020-02-17 15:54:47'),
(62, 'Диана', '7072057548', NULL, NULL, 0, 0, '$2y$10$V94PZ24luNXXofngGrIA2u0OVEhQ0k50X3xycRT5LzmYLCc..Q/aK', 'cZEOCEFlnNI:APA91bEH5aMC6VgHAMztdBLA9g_qnKZUp8RnbQNVLaZvFxxcC7IBGbfMqaM2nxbJSOd5lncvULq8edusgWu8_BmDFCSRIrH9aiQSZa_65l1HDXTi5tb_aqzkQpbLiMjMVY1guFzJoQUv', '2020-02-23 18:33:39', '2020-02-23 18:34:05'),
(63, 'Анаят', '7071317011', NULL, NULL, 0, 0, '$2y$10$P1Eej6dT9bXuU6SQ3v9AWuAEvngu2SNxJNeGR2bxyCfjpeOeHW2UW', 'fbo-aD3cJ5Q:APA91bEluiDktdeSPX4mYmY0aPul-gH0owAaRcFSWtayaDqPJitNFKs3UvgbqIE_tcK9m7wOD6ddxvh4XtM0CkcgQuQ4BZzRbkxg_esmtb5L_1gJJQapFQTB9dK-rgX0ZqD-mASy99Sz', '2020-02-24 11:23:45', '2020-02-24 11:23:59'),
(64, 'Азамат', '7786900101', NULL, NULL, 0, 0, '$2y$10$56VQcOpYxD3Z.zY0fd8H.OexRJkfKeRzUc75vV1PJbOSJH/A7vroS', 'eo3kKR6XEc0:APA91bElnDSmlTkpLcH0gKURxxgMe078Z1UyZtv9Y9BBbhUqci3N3Q1Okqy8L1sAjV87KPzx-IgomyoEUfIm25dYbQ8kW0FgeL9WCjmsQMl7BNjzjVFs3e8dpDEplPhk0Vy1gnfQpqTa', '2020-02-24 17:42:30', '2020-02-24 17:42:38'),
(65, 'Денис Косов', NULL, 'denis-ok@inbox.ru', NULL, 0, 0, '$2y$10$8WQ6qSpsN6HjRwxeXBx5MeYCOB.GAYkXo1Pqdzmbs4fEH5v1XtbqO', NULL, '2020-02-27 05:28:27', '2020-02-27 05:28:27'),
(66, 'Наркыз', '7475457408', NULL, NULL, 0, 0, '$2y$10$dudjqJpQbd1NFCUdBIi/HeYMsaIiJal/zgY6IwvERB2ks/j4Yo6He', 'dDoS-Xb2xJU:APA91bEFvi7D44etJlFj-Uz9jtWKZiWThEwGeLdNOslG_OG6l7F8sVc7RBpwV3oKGfvlbCo55aZPU_TbyZl2FQudfm-1i0EdEb5m-GnIbLcpzb1CIjE6ndJGv8OkiwDpQFQMck_MP6_P', '2020-02-27 09:16:14', '2020-02-27 09:16:38'),
(67, 'Guldana', '7024600990', NULL, NULL, 0, 0, '$2y$10$HXvnLQGYE/VWrKY7ZSLfxu1wxwX3GrEBhulInSJPxQW1djf0H5OHe', 'cF8PKAF6sRw:APA91bGSBbrZEY_7wEHjoRh0hc9Up92FEBkbNkJv389xZ_80v4W74RXQl1yD_L4ccTfMzkW3KKExocV-5wshDFh9TLS7dCfZDzxzEysYFRg8ykhDZAMZ4Iy1EcBHSzjUTHO2_tAFPJdc', '2020-02-28 06:38:37', '2020-02-28 06:39:01'),
(68, 'Нурлыбек', '7017271224', NULL, NULL, 0, 0, '$2y$10$TcM76itf1Kg8.5s.DA7DoezD25pPC/oj/FoCLLgIBg2ISwUIIaDEe', 'dKjys-kgKd0:APA91bFY7I09cxV2q9_Kx6UUcZnuz0BI8WylR3LPfi41DewMMnlBMNYB6JEorPtUfWYWn2mMwDD3bXe5cXc9RmlqNMkX6jmIhWCAfd3pIFajfzVGCjWJTB_YJygwMRXFInHjB-XCqb1k', '2020-03-05 08:52:46', '2020-03-05 08:53:28'),
(69, 'Ернур', '7022700322', NULL, NULL, 0, 0, '$2y$10$WGF8KMHEhRoEi4roG5BxNuGkBjB7zjHQ7qsHKGZQzTzYhu5bQrCO2', 'e9Mx4szSj8c:APA91bH1qUj4ZQpBchGqLhIAAHpdeKLlZXogm5wQArlI3885p6Obqr9rfSwOSseZBlFhV-aRabTg9CVvpRs8JAtNIZmaO7QendAkirQAkL5gXQx8w9i94nQXIM_mMa0eOvNIqXLiHXiQ', '2020-03-06 11:08:31', '2020-03-06 11:09:50'),
(70, 'Дархан', '7079358998', NULL, NULL, 0, 0, '$2y$10$/8Uu.J0y76AmOcfM0y8vKepRx/hRJrKl0F.smwok1DgBeF9sOEEha', 'eBDV8K3-Skg:APA91bG_a_w4LKMx1z1LoNd8ouVRwAEWObKA8mydCuzSTEX7Z6D7REm-ykOLAbCuQa9vddCBfn6Od7-uhcHWAmLL5rV_bm7BgAvRdQJyBGQCI8UZDOReMoasj3ky_4aa9J9JPErh608f', '2020-03-06 17:16:29', '2020-03-06 17:19:01'),
(71, 'Роман', '7476873556', NULL, NULL, 0, 0, '$2y$10$Pw/sZL7DRQ9qcf/G8tQfHu/KlzwSB4pRssbHTyhIfIJfffQ7.Yi3u', 'cnCNJICO3LM:APA91bGF0as300K4jGyS6RYTa2w_oO11wEnb1hOtdcQ7aAg5yrsSG6FzubW2q7dm2oEy8j5QmY11MZzidm08_ES1pCWitCHsyU7oyjGjAD-pD6nPvHZbboj8jpgPct2leAq1dT4srxHn', '2020-03-08 08:48:04', '2020-03-08 08:48:24'),
(72, 'Алишер Сексенбаев', NULL, 'alisher.seksenbayev@gmail.com', NULL, 0, 0, '$2y$10$AFu0ATOZGVjV.Kt2jP9DOOv8TOyBPIBJgMmlvZPcPsy4iKcSOa8m6', NULL, '2020-03-08 15:29:52', '2020-03-08 15:29:52'),
(73, 'Nazerke Sharipbayeva', NULL, 'nazeka__93@mail.ru', NULL, 0, 0, '$2y$10$nDdQACTcRiR2ibOiq2Vw4ORTCJSUXz4UqEsQEUiTmeaWk1EPnC5zK', NULL, '2020-03-16 14:39:18', '2020-03-16 14:39:18'),
(74, NULL, NULL, 'tolegenovtb@gmail.com', NULL, 0, 0, '$2y$10$HzykxEM07rXknSWbSrbfJuos5kfCcZRSbWE436S2evFiGogQoLbmG', NULL, '2020-04-06 15:02:54', '2020-04-06 15:02:54');

-- --------------------------------------------------------

--
-- Структура таблицы `user_addresses`
--

CREATE TABLE `user_addresses` (
  `id` bigint(20) UNSIGNED NOT NULL,
  `user_id` bigint(20) UNSIGNED NOT NULL,
  `city_id` bigint(20) UNSIGNED NOT NULL,
  `street` varchar(255) COLLATE utf8mb4_unicode_ci DEFAULT NULL,
  `house` varchar(255) COLLATE utf8mb4_unicode_ci DEFAULT NULL,
  `entrance` varchar(255) COLLATE utf8mb4_unicode_ci DEFAULT NULL,
  `floor` varchar(255) COLLATE utf8mb4_unicode_ci DEFAULT NULL,
  `building` varchar(255) COLLATE utf8mb4_unicode_ci DEFAULT NULL,
  `flat_number` varchar(255) COLLATE utf8mb4_unicode_ci DEFAULT NULL,
  `code` varchar(255) COLLATE utf8mb4_unicode_ci DEFAULT NULL,
  `created_at` timestamp NULL DEFAULT NULL,
  `updated_at` timestamp NULL DEFAULT NULL
) ENGINE=InnoDB DEFAULT CHARSET=utf8mb4 COLLATE=utf8mb4_unicode_ci;

--
-- Дамп данных таблицы `user_addresses`
--

INSERT INTO `user_addresses` (`id`, `user_id`, `city_id`, `street`, `house`, `entrance`, `floor`, `building`, `flat_number`, `code`, `created_at`, `updated_at`) VALUES
(1, 1, 2, '2d', '3', '21', '34', '1', '12', '4', '2019-06-17 14:08:29', '2019-09-19 16:42:14'),
(2, 17, 11, 'Улица', 'Дом', 'Подезд', 'Этаж', 'Корпус', 'Квартира', 'Код', '2019-09-23 15:29:15', '2019-10-23 09:34:57'),
(3, 21, 1, 'Hi', '33', '1', '45', '55', '44', '3355', '2019-10-07 15:40:58', '2019-10-17 14:23:02'),
(4, 64, 5, 'Спортивный', '5', '3', '2', '2', '29', '29B', '2020-03-04 10:34:15', '2020-03-04 10:34:15');

-- --------------------------------------------------------

--
-- Структура таблицы `wine_classes`
--

CREATE TABLE `wine_classes` (
  `id` bigint(20) UNSIGNED NOT NULL,
  `title` varchar(255) COLLATE utf8mb4_unicode_ci NOT NULL,
  `created_at` timestamp NULL DEFAULT NULL,
  `updated_at` timestamp NULL DEFAULT NULL
) ENGINE=InnoDB DEFAULT CHARSET=utf8mb4 COLLATE=utf8mb4_unicode_ci;

--
-- Дамп данных таблицы `wine_classes`
--

INSERT INTO `wine_classes` (`id`, `title`, `created_at`, `updated_at`) VALUES
(1, 'Арагонеш', NULL, NULL),
(2, 'Сухое', '2019-08-28 16:48:39', '2019-08-28 16:48:39');

-- --------------------------------------------------------

--
-- Структура таблицы `wine_countries`
--

CREATE TABLE `wine_countries` (
  `id` bigint(20) UNSIGNED NOT NULL,
  `title` varchar(255) COLLATE utf8mb4_unicode_ci NOT NULL,
  `created_at` timestamp NULL DEFAULT NULL,
  `updated_at` timestamp NULL DEFAULT NULL
) ENGINE=InnoDB DEFAULT CHARSET=utf8mb4 COLLATE=utf8mb4_unicode_ci;

--
-- Дамп данных таблицы `wine_countries`
--

INSERT INTO `wine_countries` (`id`, `title`, `created_at`, `updated_at`) VALUES
(1, 'Австралия', NULL, '2019-09-02 14:38:36'),
(2, 'Италия', '2019-08-28 16:47:14', '2019-08-28 16:47:14'),
(3, 'Испания', '2019-08-28 16:48:09', '2019-08-28 16:48:09');

-- --------------------------------------------------------

--
-- Структура таблицы `wine_details`
--

CREATE TABLE `wine_details` (
  `id` bigint(20) UNSIGNED NOT NULL,
  `item_id` bigint(20) UNSIGNED NOT NULL,
  `country_id` bigint(20) UNSIGNED NOT NULL,
  `class_id` bigint(20) UNSIGNED NOT NULL,
  `manufacturer_id` bigint(20) UNSIGNED NOT NULL,
  `age` int(11) NOT NULL DEFAULT '0',
  `volume` float NOT NULL DEFAULT '0',
  `created_at` timestamp NULL DEFAULT NULL,
  `updated_at` timestamp NULL DEFAULT NULL
) ENGINE=InnoDB DEFAULT CHARSET=utf8mb4 COLLATE=utf8mb4_unicode_ci;

-- --------------------------------------------------------

--
-- Структура таблицы `wine_manufacturers`
--

CREATE TABLE `wine_manufacturers` (
  `id` bigint(20) UNSIGNED NOT NULL,
  `title` varchar(255) COLLATE utf8mb4_unicode_ci NOT NULL,
  `created_at` timestamp NULL DEFAULT NULL,
  `updated_at` timestamp NULL DEFAULT NULL
) ENGINE=InnoDB DEFAULT CHARSET=utf8mb4 COLLATE=utf8mb4_unicode_ci;

--
-- Дамп данных таблицы `wine_manufacturers`
--

INSERT INTO `wine_manufacturers` (`id`, `title`, `created_at`, `updated_at`) VALUES
(1, 'D\'Arenberg', NULL, NULL),
(2, 'San Valentin', '2019-08-28 16:48:22', '2019-08-28 16:48:22'),
(3, 'Dom perignon', '2019-08-28 16:48:32', '2019-08-28 16:48:32');

--
-- Индексы сохранённых таблиц
--

--
-- Индексы таблицы `admins`
--
ALTER TABLE `admins`
  ADD PRIMARY KEY (`id`),
  ADD UNIQUE KEY `username` (`username`),
  ADD KEY `admins_role_id_index` (`role_id`);

--
-- Индексы таблицы `baskets`
--
ALTER TABLE `baskets`
  ADD PRIMARY KEY (`id`),
  ADD KEY `baskets_user_id_index` (`user_id`),
  ADD KEY `baskets_item_id_index` (`item_id`);

--
-- Индексы таблицы `cats`
--
ALTER TABLE `cats`
  ADD PRIMARY KEY (`id`);

--
-- Индексы таблицы `chats`
--
ALTER TABLE `chats`
  ADD PRIMARY KEY (`id`),
  ADD KEY `chats_user_id_index` (`user_id`);

--
-- Индексы таблицы `cities`
--
ALTER TABLE `cities`
  ADD PRIMARY KEY (`id`);

--
-- Индексы таблицы `contacts`
--
ALTER TABLE `contacts`
  ADD PRIMARY KEY (`id`),
  ADD KEY `contacts_city_id_index` (`city_id`);

--
-- Индексы таблицы `f_a_q_s`
--
ALTER TABLE `f_a_q_s`
  ADD PRIMARY KEY (`id`);

--
-- Индексы таблицы `images`
--
ALTER TABLE `images`
  ADD PRIMARY KEY (`id`);

--
-- Индексы таблицы `infos`
--
ALTER TABLE `infos`
  ADD PRIMARY KEY (`id`);

--
-- Индексы таблицы `items`
--
ALTER TABLE `items`
  ADD PRIMARY KEY (`id`),
  ADD KEY `items_cat_id_index` (`cat_id`),
  ADD KEY `items_sub_cat_id_index` (`sub_cat_id`),
  ADD KEY `items_city_id_index` (`city_id`);

--
-- Индексы таблицы `item_images`
--
ALTER TABLE `item_images`
  ADD PRIMARY KEY (`id`),
  ADD KEY `item_images_item_id_index` (`item_id`),
  ADD KEY `item_images_image_id_index` (`image_id`);

--
-- Индексы таблицы `migrations`
--
ALTER TABLE `migrations`
  ADD PRIMARY KEY (`id`);

--
-- Индексы таблицы `orders`
--
ALTER TABLE `orders`
  ADD PRIMARY KEY (`id`),
  ADD KEY `orders_user_id_index` (`user_id`),
  ADD KEY `orders_shipping_id_index` (`shipping_id`);

--
-- Индексы таблицы `order_details`
--
ALTER TABLE `order_details`
  ADD PRIMARY KEY (`id`),
  ADD KEY `order_details_order_id_index` (`order_id`),
  ADD KEY `order_details_city_id_index` (`city_id`);

--
-- Индексы таблицы `order_products`
--
ALTER TABLE `order_products`
  ADD PRIMARY KEY (`id`),
  ADD KEY `order_products_order_id_index` (`order_id`),
  ADD KEY `order_products_item_id_index` (`item_id`);

--
-- Индексы таблицы `password_resets`
--
ALTER TABLE `password_resets`
  ADD KEY `password_resets_phone_index` (`phone`);

--
-- Индексы таблицы `payment_logs`
--
ALTER TABLE `payment_logs`
  ADD PRIMARY KEY (`id`),
  ADD KEY `payment_logs_user_id_index` (`user_id`),
  ADD KEY `payment_logs_order_id_index` (`order_id`),
  ADD KEY `payment_logs_local_order_id_index` (`local_order_id`);

--
-- Индексы таблицы `roles`
--
ALTER TABLE `roles`
  ADD PRIMARY KEY (`id`),
  ADD UNIQUE KEY `roles_title_unique` (`title`);

--
-- Индексы таблицы `shipping`
--
ALTER TABLE `shipping`
  ADD PRIMARY KEY (`id`),
  ADD KEY `shipping_city_id_index` (`city_id`);

--
-- Индексы таблицы `sub_cats`
--
ALTER TABLE `sub_cats`
  ADD PRIMARY KEY (`id`),
  ADD KEY `sub_cats_cat_id_index` (`cat_id`);

--
-- Индексы таблицы `users`
--
ALTER TABLE `users`
  ADD PRIMARY KEY (`id`),
  ADD UNIQUE KEY `users_phone_unique` (`phone`),
  ADD UNIQUE KEY `users_email_unique` (`email`);

--
-- Индексы таблицы `user_addresses`
--
ALTER TABLE `user_addresses`
  ADD PRIMARY KEY (`id`),
  ADD KEY `user_addresses_user_id_index` (`user_id`),
  ADD KEY `user_addresses_city_id_index` (`city_id`);

--
-- Индексы таблицы `wine_classes`
--
ALTER TABLE `wine_classes`
  ADD PRIMARY KEY (`id`);

--
-- Индексы таблицы `wine_countries`
--
ALTER TABLE `wine_countries`
  ADD PRIMARY KEY (`id`);

--
-- Индексы таблицы `wine_details`
--
ALTER TABLE `wine_details`
  ADD PRIMARY KEY (`id`),
  ADD KEY `wine_details_item_id_index` (`item_id`),
  ADD KEY `wine_details_country_id_index` (`country_id`),
  ADD KEY `wine_details_class_id_index` (`class_id`),
  ADD KEY `wine_details_manufacturer_id_index` (`manufacturer_id`);

--
-- Индексы таблицы `wine_manufacturers`
--
ALTER TABLE `wine_manufacturers`
  ADD PRIMARY KEY (`id`);

--
-- AUTO_INCREMENT для сохранённых таблиц
--

--
-- AUTO_INCREMENT для таблицы `admins`
--
ALTER TABLE `admins`
  MODIFY `id` bigint(20) UNSIGNED NOT NULL AUTO_INCREMENT, AUTO_INCREMENT=2;
--
-- AUTO_INCREMENT для таблицы `baskets`
--
ALTER TABLE `baskets`
  MODIFY `id` bigint(20) UNSIGNED NOT NULL AUTO_INCREMENT, AUTO_INCREMENT=409;
--
-- AUTO_INCREMENT для таблицы `cats`
--
ALTER TABLE `cats`
  MODIFY `id` bigint(20) UNSIGNED NOT NULL AUTO_INCREMENT, AUTO_INCREMENT=10;
--
-- AUTO_INCREMENT для таблицы `chats`
--
ALTER TABLE `chats`
  MODIFY `id` bigint(20) UNSIGNED NOT NULL AUTO_INCREMENT, AUTO_INCREMENT=119;
--
-- AUTO_INCREMENT для таблицы `cities`
--
ALTER TABLE `cities`
  MODIFY `id` bigint(20) UNSIGNED NOT NULL AUTO_INCREMENT, AUTO_INCREMENT=6;
--
-- AUTO_INCREMENT для таблицы `contacts`
--
ALTER TABLE `contacts`
  MODIFY `id` bigint(20) UNSIGNED NOT NULL AUTO_INCREMENT, AUTO_INCREMENT=4;
--
-- AUTO_INCREMENT для таблицы `f_a_q_s`
--
ALTER TABLE `f_a_q_s`
  MODIFY `id` bigint(20) UNSIGNED NOT NULL AUTO_INCREMENT, AUTO_INCREMENT=2;
--
-- AUTO_INCREMENT для таблицы `images`
--
ALTER TABLE `images`
  MODIFY `id` bigint(20) UNSIGNED NOT NULL AUTO_INCREMENT, AUTO_INCREMENT=268;
--
-- AUTO_INCREMENT для таблицы `infos`
--
ALTER TABLE `infos`
  MODIFY `id` bigint(20) UNSIGNED NOT NULL AUTO_INCREMENT, AUTO_INCREMENT=3;
--
-- AUTO_INCREMENT для таблицы `items`
--
ALTER TABLE `items`
  MODIFY `id` bigint(20) UNSIGNED NOT NULL AUTO_INCREMENT, AUTO_INCREMENT=283;
--
-- AUTO_INCREMENT для таблицы `item_images`
--
ALTER TABLE `item_images`
  MODIFY `id` bigint(20) UNSIGNED NOT NULL AUTO_INCREMENT, AUTO_INCREMENT=145;
--
-- AUTO_INCREMENT для таблицы `migrations`
--
ALTER TABLE `migrations`
  MODIFY `id` int(10) UNSIGNED NOT NULL AUTO_INCREMENT, AUTO_INCREMENT=45;
--
-- AUTO_INCREMENT для таблицы `orders`
--
ALTER TABLE `orders`
  MODIFY `id` bigint(20) UNSIGNED NOT NULL AUTO_INCREMENT, AUTO_INCREMENT=7;
--
-- AUTO_INCREMENT для таблицы `order_details`
--
ALTER TABLE `order_details`
  MODIFY `id` bigint(20) UNSIGNED NOT NULL AUTO_INCREMENT, AUTO_INCREMENT=7;
--
-- AUTO_INCREMENT для таблицы `order_products`
--
ALTER TABLE `order_products`
  MODIFY `id` bigint(20) UNSIGNED NOT NULL AUTO_INCREMENT, AUTO_INCREMENT=12;
--
-- AUTO_INCREMENT для таблицы `payment_logs`
--
ALTER TABLE `payment_logs`
  MODIFY `id` bigint(20) UNSIGNED NOT NULL AUTO_INCREMENT, AUTO_INCREMENT=38;
--
-- AUTO_INCREMENT для таблицы `roles`
--
ALTER TABLE `roles`
  MODIFY `id` bigint(20) UNSIGNED NOT NULL AUTO_INCREMENT, AUTO_INCREMENT=2;
--
-- AUTO_INCREMENT для таблицы `shipping`
--
ALTER TABLE `shipping`
  MODIFY `id` bigint(20) UNSIGNED NOT NULL AUTO_INCREMENT, AUTO_INCREMENT=6;
--
-- AUTO_INCREMENT для таблицы `sub_cats`
--
ALTER TABLE `sub_cats`
  MODIFY `id` bigint(20) UNSIGNED NOT NULL AUTO_INCREMENT, AUTO_INCREMENT=63;
--
-- AUTO_INCREMENT для таблицы `users`
--
ALTER TABLE `users`
  MODIFY `id` bigint(20) UNSIGNED NOT NULL AUTO_INCREMENT, AUTO_INCREMENT=75;
--
-- AUTO_INCREMENT для таблицы `user_addresses`
--
ALTER TABLE `user_addresses`
  MODIFY `id` bigint(20) UNSIGNED NOT NULL AUTO_INCREMENT, AUTO_INCREMENT=5;
--
-- AUTO_INCREMENT для таблицы `wine_classes`
--
ALTER TABLE `wine_classes`
  MODIFY `id` bigint(20) UNSIGNED NOT NULL AUTO_INCREMENT, AUTO_INCREMENT=3;
--
-- AUTO_INCREMENT для таблицы `wine_countries`
--
ALTER TABLE `wine_countries`
  MODIFY `id` bigint(20) UNSIGNED NOT NULL AUTO_INCREMENT, AUTO_INCREMENT=4;
--
-- AUTO_INCREMENT для таблицы `wine_details`
--
ALTER TABLE `wine_details`
  MODIFY `id` bigint(20) UNSIGNED NOT NULL AUTO_INCREMENT;
--
-- AUTO_INCREMENT для таблицы `wine_manufacturers`
--
ALTER TABLE `wine_manufacturers`
  MODIFY `id` bigint(20) UNSIGNED NOT NULL AUTO_INCREMENT, AUTO_INCREMENT=4;
--
-- Ограничения внешнего ключа сохраненных таблиц
--

--
-- Ограничения внешнего ключа таблицы `admins`
--
ALTER TABLE `admins`
  ADD CONSTRAINT `admins_role_id_foreign` FOREIGN KEY (`role_id`) REFERENCES `roles` (`id`);

--
-- Ограничения внешнего ключа таблицы `baskets`
--
ALTER TABLE `baskets`
  ADD CONSTRAINT `baskets_item_id_foreign` FOREIGN KEY (`item_id`) REFERENCES `items` (`id`),
  ADD CONSTRAINT `baskets_user_id_foreign` FOREIGN KEY (`user_id`) REFERENCES `users` (`id`);

--
-- Ограничения внешнего ключа таблицы `chats`
--
ALTER TABLE `chats`
  ADD CONSTRAINT `chats_user_id_foreign` FOREIGN KEY (`user_id`) REFERENCES `users` (`id`);

--
-- Ограничения внешнего ключа таблицы `contacts`
--
ALTER TABLE `contacts`
  ADD CONSTRAINT `contacts_city_id_foreign` FOREIGN KEY (`city_id`) REFERENCES `cities` (`id`);

--
-- Ограничения внешнего ключа таблицы `items`
--
ALTER TABLE `items`
  ADD CONSTRAINT `items_cat_id_foreign` FOREIGN KEY (`cat_id`) REFERENCES `cats` (`id`),
  ADD CONSTRAINT `items_city_id_foreign` FOREIGN KEY (`city_id`) REFERENCES `cities` (`id`),
  ADD CONSTRAINT `items_sub_cat_id_foreign` FOREIGN KEY (`sub_cat_id`) REFERENCES `sub_cats` (`id`);

--
-- Ограничения внешнего ключа таблицы `item_images`
--
ALTER TABLE `item_images`
  ADD CONSTRAINT `item_images_image_id_foreign` FOREIGN KEY (`image_id`) REFERENCES `images` (`id`),
  ADD CONSTRAINT `item_images_item_id_foreign` FOREIGN KEY (`item_id`) REFERENCES `items` (`id`);

--
-- Ограничения внешнего ключа таблицы `orders`
--
ALTER TABLE `orders`
  ADD CONSTRAINT `orders_shipping_id_foreign` FOREIGN KEY (`shipping_id`) REFERENCES `shipping` (`id`),
  ADD CONSTRAINT `orders_user_id_foreign` FOREIGN KEY (`user_id`) REFERENCES `users` (`id`);

--
-- Ограничения внешнего ключа таблицы `order_details`
--
ALTER TABLE `order_details`
  ADD CONSTRAINT `order_details_city_id_foreign` FOREIGN KEY (`city_id`) REFERENCES `cities` (`id`),
  ADD CONSTRAINT `order_details_order_id_foreign` FOREIGN KEY (`order_id`) REFERENCES `orders` (`id`);

--
-- Ограничения внешнего ключа таблицы `order_products`
--
ALTER TABLE `order_products`
  ADD CONSTRAINT `order_products_item_id_foreign` FOREIGN KEY (`item_id`) REFERENCES `items` (`id`),
  ADD CONSTRAINT `order_products_order_id_foreign` FOREIGN KEY (`order_id`) REFERENCES `orders` (`id`);

--
-- Ограничения внешнего ключа таблицы `shipping`
--
ALTER TABLE `shipping`
  ADD CONSTRAINT `shipping_city_id_foreign` FOREIGN KEY (`city_id`) REFERENCES `cities` (`id`);

--
-- Ограничения внешнего ключа таблицы `sub_cats`
--
ALTER TABLE `sub_cats`
  ADD CONSTRAINT `sub_cats_cat_id_foreign` FOREIGN KEY (`cat_id`) REFERENCES `cats` (`id`);

--
-- Ограничения внешнего ключа таблицы `user_addresses`
--
ALTER TABLE `user_addresses`
  ADD CONSTRAINT `user_addresses_city_id_foreign` FOREIGN KEY (`city_id`) REFERENCES `cities` (`id`),
  ADD CONSTRAINT `user_addresses_user_id_foreign` FOREIGN KEY (`user_id`) REFERENCES `users` (`id`);

--
-- Ограничения внешнего ключа таблицы `wine_details`
--
ALTER TABLE `wine_details`
  ADD CONSTRAINT `wine_details_class_id_foreign` FOREIGN KEY (`class_id`) REFERENCES `wine_classes` (`id`),
  ADD CONSTRAINT `wine_details_country_id_foreign` FOREIGN KEY (`country_id`) REFERENCES `wine_countries` (`id`),
  ADD CONSTRAINT `wine_details_item_id_foreign` FOREIGN KEY (`item_id`) REFERENCES `items` (`id`),
  ADD CONSTRAINT `wine_details_manufacturer_id_foreign` FOREIGN KEY (`manufacturer_id`) REFERENCES `wine_manufacturers` (`id`);

/*!40101 SET CHARACTER_SET_CLIENT=@OLD_CHARACTER_SET_CLIENT */;
/*!40101 SET CHARACTER_SET_RESULTS=@OLD_CHARACTER_SET_RESULTS */;
/*!40101 SET COLLATION_CONNECTION=@OLD_COLLATION_CONNECTION */;
